comparison,budget,n_pairs,wins,losses,ties,mean_diff,median_diff,std_diff,min_diff,max_diff,cohens_dz,rank_biserial,wilcoxon_p,n_nonzero
greedy_token_aware_vs_top_k,96,24,23,0,1,0.5516874414868652,0.5014718364924191,0.3264032265181779,0.0,1.3119428247213363,1.690202169175374,1.0,2.7015948487105505e-05,23
greedy_token_aware_vs_top_k,128,24,23,1,0,0.5502931975061074,0.5546291855163872,0.31937760545951877,-0.015405628085136236,1.1676702171564102,1.7230174818123158,0.9933333333333333,2.384185791015625e-07,24
greedy_token_aware_vs_top_k,192,24,23,1,0,0.25185760815317426,0.18679537922143918,0.29196696880253575,-0.09904306307435062,1.362443961203098,0.8626236357699476,0.9533333333333334,2.2649765014648438e-06,24
greedy_token_aware_vs_top_k,256,24,19,3,2,0.10793212308393167,0.056411744281649634,0.16161695343128823,-0.11153003722429311,0.5238513365387916,0.6678267396608192,0.8023715415019763,0.0009832943169057011,22
greedy_token_aware_vs_top_k,384,24,17,7,0,0.07128058013040568,0.02350429967045775,0.12490717689390644,-0.10979101546108705,0.39151125252246866,0.5706684107587342,0.5933333333333334,0.009575724601745605,24
greedy_token_aware_vs_top_k,512,24,15,9,0,0.058727256437608344,0.02487187907099697,0.10572816997140214,-0.09114026762545135,0.427672378718853,0.5554551493087715,0.5933333333333334,0.009575724601745605,24
greedy_token_aware_vs_top_k,768,24,13,11,0,0.027517921784116623,0.007404613308608532,0.0701178542106726,-0.08105334676802167,0.19757176041603097,0.39245242305101996,0.32,0.1779801845550537,24
greedy_token_aware_vs_top_k,1024,24,13,11,0,0.027517921784116623,0.007404613308608532,0.0701178542106726,-0.08105334676802167,0.19757176041603097,0.39245242305101996,0.32,0.1779801845550537,24
greedy_token_aware_vs_top_k,2048,24,13,11,0,0.027517921784116623,0.007404613308608532,0.0701178542106726,-0.08105334676802167,0.19757176041603097,0.39245242305101996,0.32,0.1779801845550537,24
greedy_token_aware_vs_top_k,POOLED,216,159,54,3,0.1860368857944936,0.06281110793352118,0.2850611860641682,-0.11153003722429311,1.362443961203098,0.6526208929496845,0.7519196173928305,1.8180620902688065e-21,213
greedy_token_aware_vs_mmr,96,24,24,0,0,0.6240230182263379,0.5624802358448505,0.3459709440161707,0.029568459093570754,1.3088549196720123,1.8036862026111968,1.0,1.1920928955078125e-07,24
greedy_token_aware_vs_mmr,128,24,24,0,0,0.46730270988773553,0.41198447532951843,0.2957203311364852,0.06208136295899758,1.2447134129703044,1.5802184046387364,1.0,1.1920928955078125e-07,24
greedy_token_aware_vs_mmr,192,24,24,0,0,0.6386262984597123,0.5756572194397448,0.30042923104605085,0.1640426004305482,1.3945534825325012,2.1257129215959063,1.0,1.1920928955078125e-07,24
greedy_token_aware_vs_mmr,256,24,23,1,0,0.4516816368093713,0.36518913432955746,0.32358709939212027,-0.07553879916667894,1.2557381592690946,1.3958579858649651,0.9866666666666667,3.5762786865234375e-07,24
greedy_token_aware_vs_mmr,384,24,20,4,0,0.2305052719525216,0.2119176305830479,0.18504030303535615,-0.038942459225654424,0.5304014943540092,1.2457030612864828,0.9333333333333333,5.125999450683594e-06,24
greedy_token_aware_vs_mmr,512,24,20,4,0,0.12450883887941011,0.11885027503594747,0.1290291143196823,-0.03594592958688736,0.4412540409713981,0.9649670117933788,0.84,9.083747863769531e-05,24
greedy_token_aware_vs_mmr,768,24,20,4,0,0.1021410481519221,0.09243649551644917,0.10008734236784066,-0.03594592958688736,0.3751758672297001,1.0205191359416226,0.88,3.0159950256347656e-05,24
greedy_token_aware_vs_mmr,1024,24,20,4,0,0.09286352670557485,0.08384661646559821,0.0849509540043428,-0.03594592958688736,0.2384694930166007,1.0931428351096275,0.88,3.0159950256347656e-05,24
greedy_token_aware_vs_mmr,2048,24,20,4,0,0.09286352670557485,0.08384661646559821,0.0849509540043428,-0.03594592958688736,0.2384694930166007,1.0931428351096275,0.88,3.0159950256347656e-05,24
greedy_token_aware_vs_mmr,POOLED,216,195,21,0,0.3138350973086845,0.20571744926273805,0.31467857724606796,-0.07553879916667894,1.3945534825325012,0.9973195508103372,0.9604881379074928,1.9183164436017514e-34,216
greedy_token_aware_vs_greedy_objective,96,24,22,0,2,0.5282362635247408,0.4867352306842804,0.3067560477796258,0.0,1.3119428247213363,1.7220076583599322,1.0,4.0099648164691383e-05,22
greedy_token_aware_vs_greedy_objective,128,24,21,2,1,0.46859040998388085,0.4617447935044765,0.33448632615629087,-0.13084789514541617,1.1676702171564102,1.4009254589526299,0.9637681159420289,5.2280977592255825e-05,23
greedy_token_aware_vs_greedy_objective,192,24,18,3,3,0.12459459941213319,0.08401267454028116,0.16651492976686982,-0.09904306307435062,0.6808335542678834,0.7482488182085087,0.8441558441558441,0.0007018105126066012,21
greedy_token_aware_vs_greedy_objective,256,24,12,8,4,0.14241947976406658,0.018251200765371234,0.21805782865024295,-0.11153003722429311,0.6032918736338613,0.65312711148978,0.6095238095238096,0.016880932087628427,20
greedy_token_aware_vs_greedy_objective,384,24,10,14,0,0.014673673291690559,-0.005718644708395226,0.08445908794031472,-0.10347868502140045,0.286481074988842,0.17373705600586292,0.006666666666666667,0.9888126850128174,24
greedy_token_aware_vs_greedy_objective,512,24,2,21,1,-0.04572172467596832,-0.038823966309428304,0.039396993472729,-0.1377917408943179,0.01993486061692229,-1.160538423004724,-0.9565217391304348,5.950282644768789e-05,23
greedy_token_aware_vs_greedy_objective,768,24,2,21,1,-0.049783324962481855,-0.042823879048228264,0.04208952525431086,-0.1634203329682351,0.01993486061692229,-1.1827960677076772,-0.9565217391304348,5.950282644768789e-05,23
greedy_token_aware_vs_greedy_objective,1024,24,2,21,1,-0.049783324962481855,-0.042823879048228264,0.04208952525431086,-0.1634203329682351,0.01993486061692229,-1.1827960677076772,-0.9565217391304348,5.950282644768789e-05,23
greedy_token_aware_vs_greedy_objective,2048,24,2,21,1,-0.049783324962481855,-0.042823879048228264,0.04208952525431086,-0.1634203329682351,0.01993486061692229,-1.1827960677076772,-0.9565217391304348,5.950282644768789e-05,23
greedy_token_aware_vs_greedy_objective,POOLED,216,91,111,14,0.12038252515701092,-0.0026433530263603178,0.2788719124513213,-0.1634203329682351,1.3119428247213363,0.431676765504394,0.22001658293908208,0.006698445910503818,202
greedy_token_aware_vs_ilp,96,24,4,8,12,-0.01501151211559773,0.0,0.030340583316684475,-0.10970995798706995,2.2351741790771484e-08,-0.4947667603787567,-0.7435897435897436,0.0229090993543566,12
greedy_token_aware_vs_ilp,128,24,4,13,7,-0.03551462164614353,-0.014847246184945373,0.04583269545742421,-0.14157024472951885,2.3841857821338408e-08,-0.7748752564451388,-0.869281045751634,0.0016440063298259735,17
greedy_token_aware_vs_ilp,192,24,1,15,8,-0.03944637238358456,-0.03598111271858229,0.041402130207544366,-0.120981843024492,1.7136335461742647e-08,-0.9527619034538608,-0.9852941176470589,0.0005312427827532942,16
greedy_token_aware_vs_ilp,256,24,3,17,4,-0.030589998102126037,-0.020107457786798344,0.03731844285994315,-0.1391946576535701,1.7881393254981504e-08,-0.8197018888738445,-0.9428571428571428,0.00021907963048002188,20
greedy_token_aware_vs_ilp,384,24,0,20,4,-0.0426035387402711,-0.036984358355403035,0.0353715463971086,-0.10979101546108705,0.0,-1.2044579069846284,-1.0,8.857457687863549e-05,20
greedy_token_aware_vs_ilp,512,24,1,22,1,-0.05091736945323653,-0.0434230200946335,0.0383077603564974,-0.13779169172048578,7.450580596923828e-09,-1.329165917803399,-0.9927536231884058,3.088394735450034e-05,23
greedy_token_aware_vs_ilp,768,24,1,22,1,-0.0547577523626388,-0.04718804135918653,0.04071350171198191,-0.16422208100557345,4.8801302554579706e-08,-1.3449531496949008,-0.9927536231884058,3.088394735450034e-05,23
greedy_token_aware_vs_ilp,1024,24,1,22,1,-0.054757758649066145,-0.04718804135918653,0.04071350806836941,-0.1642221167683604,8.940696627490752e-09,-1.3449530941208137,-0.9927536231884058,3.088394735450034e-05,23
greedy_token_aware_vs_ilp,2048,24,1,22,1,-0.05475775691059733,-0.04718804135918653,0.04071350094716301,-0.16422208100557345,7.450580596923828e-09,-1.3449532866667648,-0.9927536231884058,3.088394735450034e-05,23
greedy_token_aware_vs_ilp,POOLED,216,16,161,39,-0.04203963115147352,-0.03452442735433592,0.04053440086635269,-0.1642221167683604,4.8801302554579706e-08,-1.0371346375658488,-0.9827334475972831,8.422228875702858e-30,177
mmr_vs_ilp,96,24,0,24,0,-0.6390345303419357,-0.5624802269041537,0.3511887734359565,-1.3088549196720123,-0.029568459093570754,-1.8196325699416793,-1.0,1.1920928955078125e-07,24
mmr_vs_ilp,128,24,0,24,0,-0.502817331533879,-0.4194367866963148,0.2864150360017805,-1.256463956087828,-0.06208135401830073,-1.7555549406657311,-1.0,1.1920928955078125e-07,24
mmr_vs_ilp,192,24,0,24,0,-0.6780726708432968,-0.6062535755336284,0.3171602720652916,-1.5014428839087488,-0.1640426004305482,-2.137949581225314,-1.0,1.1920928955078125e-07,24
mmr_vs_ilp,256,24,0,24,0,-0.4822716349114973,-0.38602956789545706,0.31308097737174423,-1.2557381592690946,-0.06365585848689115,-1.5404054214985425,-1.0,1.1920928955078125e-07,24
mmr_vs_ilp,384,24,0,24,0,-0.27310881069279275,-0.26058260826393953,0.18257222326609387,-0.6137024059891698,-0.004285021871328176,-1.4958946427176074,-1.0,1.1920928955078125e-07,24
mmr_vs_ilp,512,24,0,24,0,-0.17542620833264663,-0.1659128985367717,0.11745400163322398,-0.4835498411208392,-0.01207912862300864,-1.493573704542257,-1.0,1.1920928955078125e-07,24
mmr_vs_ilp,768,24,1,23,0,-0.1568988005145609,-0.15744749980513006,0.08907293054046554,-0.44357468336820594,2.3841857821338408e-08,-1.761464448991967,-0.9933333333333333,2.384185791015625e-07,24
mmr_vs_ilp,1024,24,1,23,0,-0.147621285354641,-0.14564031437039393,0.06955463414049329,-0.2695184037089349,2.3841857821338408e-08,-2.122378863447991,-0.9933333333333333,2.384185791015625e-07,24
mmr_vs_ilp,2048,24,1,23,0,-0.1476212836161722,-0.14564031437039393,0.06955463327861279,-0.2695184051990509,2.3841857821338408e-08,-2.122378864752982,-0.9933333333333333,2.384185791015625e-07,24
mmr_vs_ilp,POOLED,216,3,213,0,-0.355874728460158,-0.24590518749319012,0.30557370716331367,-1.5014428839087488,2.3841857821338408e-08,-1.1646117454403921,-0.9994879672299027,3.723132447552672e-37,216
greedy_objective_vs_ilp,96,24,0,22,2,-0.5432477756403387,-0.48914474435150634,0.3028648244138189,-1.3312809944152835,0.0,-1.7936971607441374,-1.0,4.0099648164691383e-05,22
greedy_objective_vs_ilp,128,24,1,22,1,-0.5041050316300244,-0.4924799608066679,0.32229396579934444,-1.1676702171564102,1.4901161193847656e-08,-1.564115637038867,-0.9927536231884058,3.088394735450034e-05,23
greedy_objective_vs_ilp,192,24,3,19,2,-0.16404097179571775,-0.14676810018718234,0.16379841081291824,-0.6808335542678834,5.21540641784668e-08,-1.0014808506480355,-0.9525691699604744,9.149289441295772e-05,22
greedy_objective_vs_ilp,256,24,4,17,3,-0.17300947786619258,-0.07139299325644965,0.20777967009783468,-0.6032918736338613,1.7881393254981504e-08,-0.8326583528827903,-0.9047619047619048,0.00028104304823949435,21
greedy_objective_vs_ilp,384,24,2,18,4,-0.057277212031961657,-0.018793165683746338,0.09245101814858377,-0.3589872144162656,4.619359961210989e-08,-0.6195411708706972,-0.9523809523809523,0.0001890120699314349,20
greedy_objective_vs_ilp,512,24,7,8,9,-0.005195644777268212,0.0,0.00942477516384884,-0.028795026242733,4.917383211733295e-08,-0.5512751961656814,-0.5333333333333333,0.06914397389751893,15
greedy_objective_vs_ilp,768,24,7,11,6,-0.004974427400156948,0.0,0.00900311683708999,-0.028651041537523625,4.8801302554579706e-08,-0.5525228085082583,-0.6140350877192983,0.022231238286019233,18
greedy_objective_vs_ilp,1024,24,5,11,8,-0.00497443368658429,0.0,0.009003118065016413,-0.028651081025600433,4.619359961210989e-08,-0.5525234314002324,-0.7205882352941176,0.011285575373529616,16
greedy_objective_vs_ilp,2048,24,6,11,7,-0.004974431948115476,0.0,0.009003121478150888,-0.028651081025600433,4.619359961210989e-08,-0.5525230288392324,-0.673202614379085,0.014772349168537114,17
greedy_objective_vs_ilp,POOLED,216,35,139,42,-0.16242215630848444,-0.013531710207462577,0.2662568008181764,-1.3312809944152835,5.21540641784668e-08,-0.6100206860796792,-0.9006896551724138,6.346704273653264e-25,174
top_k_vs_ilp,96,24,0,23,1,-0.566698953602463,-0.5014718364924191,0.32175853222862744,-1.3312809944152835,0.0,-1.7612554037876818,-1.0,2.7015948487105505e-05,23
top_k_vs_ilp,128,24,0,24,0,-0.5858078191522509,-0.6324825536459686,0.31650862304421395,-1.1676702171564102,-0.034287145733833846,-1.8508431571875936,-1.0,1.1920928955078125e-07,24
top_k_vs_ilp,192,24,0,24,0,-0.2913039805367588,-0.23837353214621548,0.2873981016046547,-1.3919519692659377,-0.014931835234165192,-1.0135904827147295,-1.0,1.1920928955078125e-07,24
top_k_vs_ilp,256,24,0,19,5,-0.1385221211860577,-0.07792668081819998,0.15832182587276133,-0.5315446116030218,0.0,-0.8749401443701382,-1.0,0.0001318338889828333,19
top_k_vs_ilp,384,24,1,20,3,-0.11388411887067679,-0.07283066175878039,0.12675787541211253,-0.44623283743858355,1.9371509729637637e-08,-0.8984382114359296,-0.9913419913419913,6.898751069615868e-05,21
top_k_vs_ilp,512,24,0,23,1,-0.10964462589084488,-0.07683999501168715,0.10565195932196697,-0.4276723712682724,0.0,-1.037790747985189,-1.0,2.7015948487105505e-05,23
top_k_vs_ilp,768,24,1,21,2,-0.08227567414675542,-0.06917899805121142,0.07084434263110752,-0.2522933632135391,2.9802322387695312e-08,-1.1613584245558155,-0.9920948616600791,4.61253801792603e-05,22
top_k_vs_ilp,1024,24,1,21,2,-0.08227568043318277,-0.06917899805121142,0.07084434249738446,-0.25229334533214587,1.639127722441458e-08,-1.161358515483722,-0.9920948616600791,4.61253801792603e-05,22
top_k_vs_ilp,2048,24,1,21,2,-0.08227567869471396,-0.06917899805121142,0.07084434084858633,-0.25229334533214587,2.60770320892334e-08,-1.1613585179733623,-0.9920948616600791,4.61253801792603e-05,22
top_k_vs_ilp,POOLED,216,4,196,16,-0.22807651694596712,-0.11640659011900434,0.27640514606362254,-1.3919519692659377,2.9802322387695312e-08,-0.82515293291055,-0.9986069651741294,1.7710032865478792e-34,200
