budget,method,metric,n,mean,median,std,min,max
96,top_k,score,24,1.6301785364126167,1.5364820495247842,0.27364597257323325,1.19538094997406,2.256034179031849
96,top_k,relevance_sum,24,1.9169331900775433,1.7103606164455414,0.4601740758404128,1.27133047580719,2.9732746481895447
96,top_k,redundancy_total,24,2.8675465366492667,1.8851401954889297,2.0008304913322914,0.7594952583312988,7.247876852750778
96,top_k,redundancy_per_pair,24,0.5904191085093079,0.6084613253672917,0.1263264505749734,0.3415430805512837,0.8603157798449198
96,top_k,n_selected,24,3.5833333333333335,3.0,1.138903617201808,2.0,7.0
96,top_k,tokens_used,24,92.16666666666667,93.0,2.9733112366761953,86.0,96.0
96,top_k,budget_utilization,24,0.9600694444444443,0.96875,0.030971992048710362,0.8958333333333334,1.0
96,top_k,unique_coverage,24,0.17373829283175257,0.16228070175438597,0.038859639724720826,0.1111111111111111,0.2777777777777778
96,top_k,optimality_gap,24,0.2505556828024289,0.24704626568117646,0.1270494160722325,0.0,0.5268931988988477
96,mmr,score,24,1.5578429596731438,1.5488105989992618,0.3059981681604947,0.7977482914924622,2.014530797302723
96,mmr,relevance_sum,24,1.7510152775794268,1.7165106981992722,0.4123336253367076,0.8056290149688721,2.4002828001976013
96,mmr,redundancy_total,24,1.9317231790628284,1.9116614013910294,1.1386581359683035,0.07880723476409912,4.6828514859080315
96,mmr,redundancy_per_pair,24,0.3028447174522582,0.29590067341923715,0.10169406784283103,0.07880723476409912,0.5287371277809143
96,mmr,n_selected,24,4.041666666666667,4.5,1.2676293062133797,2.0,7.0
96,mmr,tokens_used,24,90.95833333333333,91.0,3.5322017602852642,83.0,96.0
96,mmr,budget_utilization,24,0.9474826388888888,0.9479166666666666,0.036793768336304836,0.8645833333333334,1.0
96,mmr,unique_coverage,24,0.2266638307369732,0.24922600619195046,0.07872451751996347,0.09523809523809523,0.3888888888888889
96,mmr,optimality_gap,24,0.2835709478102589,0.25769245391288254,0.1503322963630096,0.021052971392229274,0.6182853517560872
96,greedy_objective,score,24,1.6536297143747412,1.5435642689466476,0.29280710018654654,1.19538094997406,2.2577838391065597
96,greedy_objective,relevance_sum,24,1.9015483520925045,1.7089102268218994,0.44022164807391323,1.27133047580719,2.9277954399585724
96,greedy_objective,redundancy_total,24,2.4791863771776357,1.8603370189666748,1.528026858157434,0.7594952583312988,6.700116008520126
96,greedy_objective,redundancy_per_pair,24,0.5322731432401472,0.5317896058162054,0.11330829856574687,0.31905314326286316,0.7594952583312988
96,greedy_objective,n_selected,24,3.5833333333333335,3.0,1.138903617201808,2.0,7.0
96,greedy_objective,tokens_used,24,92.33333333333333,93.0,2.713359327582639,86.0,96.0
96,greedy_objective,budget_utilization,24,0.9618055555555557,0.96875,0.028264159662319144,0.8958333333333334,1.0
96,greedy_objective,unique_coverage,24,0.18531236690582664,0.16666666666666666,0.04624738924803124,0.11764705882352941,0.2777777777777778
96,greedy_objective,optimality_gap,24,0.24184491445859368,0.2427313641574055,0.12288821755730595,0.0,0.5268931988988477
96,greedy_token_aware,score,24,2.181865977899482,2.2088089413940906,0.2793365312877753,1.4044791370630265,2.5073237746953962
96,greedy_token_aware,relevance_sum,24,2.9300668267533183,2.9991128891706467,0.44700957251743867,1.6257560849189758,3.6104138493537903
96,greedy_token_aware,redundancy_total,24,7.482008488538365,7.591481603682041,1.9961104883307312,2.212769478559494,11.395448297262192
96,greedy_token_aware,redundancy_per_pair,24,0.37223513458988494,0.37834260896557853,0.0778294916021426,0.19545025449423564,0.5426403951077234
96,greedy_token_aware,n_selected,24,6.833333333333333,7.0,0.6370220572706061,4.0,7.0
96,greedy_token_aware,tokens_used,24,91.5,92.0,4.4818474451657915,74.0,96.0
96,greedy_token_aware,budget_utilization,24,0.953125,0.9583333333333334,0.046685910887143654,0.7708333333333334,1.0
96,greedy_token_aware,unique_coverage,24,0.2712679881894278,0.2777777777777778,0.043024456846210625,0.1875,0.3333333333333333
96,greedy_token_aware,optimality_gap,24,0.007332736558478153,0.0,0.015083649036203222,-1.1518770191957794e-08,0.05249512718296378
96,ilp,score,24,2.1968774900150794,2.2088089399039745,0.2701058445494967,1.4044791370630265,2.5266619443893434
96,ilp,relevance_sum,24,2.9034173575540385,3.000366985797882,0.46720221853373184,1.6257560849189758,3.514827698469162
96,ilp,redundancy_total,24,7.065398675389588,7.330524422228336,2.3051903855772693,2.212769478559494,10.580645397305489
96,ilp,redundancy_per_pair,24,0.3797201359467137,0.3783426142874218,0.06243087777898151,0.27241163629861104,0.503840257014547
96,ilp,n_selected,24,6.541666666666667,7.0,0.931532942621143,4.0,7.0
96,ilp,tokens_used,24,92.45833333333333,93.0,2.484371439474251,86.0,96.0
96,ilp,budget_utilization,24,0.963107638888889,0.96875,0.025878869161190116,0.8958333333333334,1.0
96,ilp,unique_coverage,24,0.2700400664651825,0.2777777777777778,0.0393211145957607,0.21052631578947367,0.35294117647058826
96,ilp,optimality_gap,24,0.0,0.0,0.0,0.0,0.0
128,top_k,score,24,1.846805881941691,1.820072640478611,0.382406622793228,1.0248598217964173,2.682798138260841
128,top_k,relevance_sum,24,2.3230002503842115,2.1559086441993713,0.7343279836880371,1.0885068774223328,4.169312953948975
128,top_k,redundancy_total,24,4.761943684425205,3.3583600372076035,3.7601951933500706,0.6364705562591553,14.865148156881332
128,top_k,redundancy_per_pair,24,0.6111464839330111,0.6078467791279157,0.13301697922395506,0.3605626941555076,0.7949813405672709
128,top_k,n_selected,24,4.375,4.0,1.7646898976258147,2.0,9.0
128,top_k,tokens_used,24,122.95833333333333,122.0,3.7239432894699678,117.0,128.0
128,top_k,budget_utilization,24,0.9606119791666666,0.953125,0.029093306948984123,0.9140625,1.0
128,top_k,unique_coverage,24,0.19202532986878962,0.1715686274509804,0.06549100167227018,0.1,0.3333333333333333
128,top_k,optimality_gap,24,0.2417311435518937,0.26649586185656077,0.12394241278856916,0.012619090735136838,0.426472051238426
128,mmr,score,24,1.9297963695600628,1.9926753483712671,0.29046706871043554,1.1494235850870609,2.453127678669989
128,mmr,relevance_sum,24,2.3113805232569575,2.3212866485118866,0.43694264566830326,1.207311987876892,3.152090087532997
128,mmr,redundancy_total,24,3.8158415369689465,3.622831055894494,1.5744014257393897,0.5788840278983116,6.98962408863008
128,mmr,redundancy_per_pair,24,0.2795088490077649,0.28489983851710954,0.06642232872511863,0.17769136155645052,0.463385929663976
128,mmr,n_selected,24,5.708333333333333,5.5,1.2676293062133799,3.0,8.0
128,mmr,tokens_used,24,122.75,123.0,3.7212667314983645,117.0,128.0
128,mmr,budget_utilization,24,0.958984375,0.9609375,0.029072396339830973,0.9140625,1.0
128,mmr,unique_coverage,24,0.3162344177437057,0.30625,0.0813033622007063,0.15,0.47058823529411764
128,mmr,optimality_gap,24,0.20193904882782424,0.17159575765770466,0.11108646478512614,0.042226188428465976,0.5222455059035085
128,greedy_objective,score,24,1.9285086694639173,2.0509401485323906,0.39409647908813983,1.0248598217964173,2.575077536702156
128,greedy_objective,relevance_sum,24,2.3562249783426523,2.4582147300243378,0.6411067734774076,1.0885068774223328,3.506307452917099
128,greedy_objective,redundancy_total,24,4.277163088787347,4.088399037718773,2.5940742569034567,0.6364705562591553,10.75960537046194
128,greedy_objective,redundancy_per_pair,24,0.5370599611250871,0.5157689452171326,0.12917334244769751,0.2988779269572761,0.7949813405672709
128,greedy_objective,n_selected,24,4.541666666666667,5.0,1.6675722177612804,2.0,9.0
128,greedy_objective,tokens_used,24,122.33333333333333,121.0,3.8183386629432876,117.0,128.0
128,greedy_objective,budget_utilization,24,0.9557291666666666,0.9453125,0.029830770804244434,0.9140625,1.0
128,greedy_objective,unique_coverage,24,0.22671440652284303,0.25,0.07249766558384636,0.1,0.3888888888888889
128,greedy_objective,optimality_gap,24,0.20829445049164055,0.20166301030892173,0.13084395900858617,-6.4524725640640736e-09,0.41581082733778923
128,greedy_token_aware,score,24,2.3970990794477984,2.427295146510005,0.2887753565491583,1.4702097609639169,2.8081765562295913
128,greedy_token_aware,relevance_sum,24,3.471170605470737,3.5023010671138763,0.5726907416149155,1.8121394515037537,4.2704944014549255
128,greedy_token_aware,redundancy_total,24,10.740715260229384,10.977876618504524,3.2100678858863327,3.419296905398369,15.552322685718536
128,greedy_token_aware,redundancy_per_pair,24,0.353207676581824,0.3452457559960229,0.05394452058612779,0.25942333684199387,0.5002364785898299
128,greedy_token_aware,n_selected,24,8.25,9.0,1.1887150534341144,5.0,10.0
128,greedy_token_aware,tokens_used,24,119.16666666666667,120.0,6.273939658665815,98.0,127.0
128,greedy_token_aware,budget_utilization,24,0.9309895833333334,0.9375,0.04901515358332668,0.765625,0.9921875
128,greedy_token_aware,unique_coverage,24,0.3315957889003555,0.3333333333333333,0.04435653749984667,0.25,0.42105263157894735
128,greedy_token_aware,optimality_gap,24,0.01488746756867495,0.0065948982961847435,0.019806219309109505,-9.705987888314635e-09,0.06621367611692822
128,ilp,score,24,2.432613701093942,2.4433770213276147,0.2807058432833596,1.47020975202322,2.8081765562295913
128,ilp,relevance_sum,24,3.4177839905023575,3.4826455861330032,0.5782610842090475,1.8121394515037537,4.2704944014549255
128,ilp,redundancy_total,24,9.851702894084156,10.278972961008549,3.1644707775352403,3.419296994805336,15.545874617993832
128,ilp,redundancy_per_pair,24,0.37933806097775546,0.35621326484732213,0.058420820811885044,0.2988779269572761,0.5014743705590566
128,ilp,n_selected,24,7.666666666666667,7.5,1.203858530857692,5.0,10.0
128,ilp,tokens_used,24,122.66666666666667,122.5,6.424590439774397,98.0,128.0
128,ilp,budget_utilization,24,0.9583333333333334,0.95703125,0.050192112810737474,0.765625,1.0
128,ilp,unique_coverage,24,0.3130690287811031,0.3125,0.041565926879335476,0.25,0.3888888888888889
128,ilp,optimality_gap,24,0.0,0.0,0.0,0.0,0.0
192,top_k,score,24,2.422339753744503,2.435455799847841,0.3191797794607617,1.591005402803421,2.832114002108574
192,top_k,relevance_sum,24,3.5787140975395837,3.416606992483139,0.8166412706019989,1.7697108387947083,5.065633654594421
192,top_k,redundancy_total,24,11.56374343795081,10.464217439293861,5.386171003228237,1.7870543599128723,22.876757323741913
192,top_k,redundancy_per_pair,24,0.5308350420478121,0.5254202359134242,0.08792645762725872,0.3475580875362669,0.722100148598353
192,top_k,n_selected,24,7.0,7.0,1.7194539072421902,3.0,10.0
192,top_k,tokens_used,24,186.75,187.0,3.7677117954951176,180.0,192.0
192,top_k,budget_utilization,24,0.97265625,0.9739583333333334,0.019623498934870396,0.9375,1.0
192,top_k,unique_coverage,24,0.29648508526217504,0.28174603174603174,0.06167078931126665,0.17647058823529413,0.4375
192,top_k,optimality_gap,24,0.10512952367620021,0.08424088116816524,0.09823394297042172,0.007151891730717939,0.4666348846615608
192,mmr,score,24,2.0355710634379647,2.084663178026676,0.4166795587641051,1.0556118041276932,2.7698900690302253
192,mmr,relevance_sum,24,2.545207060718288,2.627778921276331,0.724359565716414,1.0923178791999817,4.172655284404755
192,mmr,redundancy_total,24,5.096359972803232,4.93656350299716,3.225473037912968,0.36706075072288513,14.027652153745294
192,mmr,redundancy_per_pair,24,0.27409919525565035,0.27219477358074595,0.04686804477377415,0.1796579770743847,0.36706075072288513
192,mmr,n_selected,24,6.375,6.5,1.9740159904202355,2.0,10.0
192,mmr,tokens_used,24,187.16666666666666,187.5,3.5833754631834114,181.0,192.0
192,mmr,budget_utilization,24,0.9748263888888888,0.9765625,0.018663413870746926,0.9427083333333334,1.0
192,mmr,unique_coverage,24,0.3498866395973594,0.3421052631578947,0.1053562005817085,0.1111111111111111,0.5882352941176471
192,mmr,optimality_gap,24,0.252922950740727,0.24493057153164421,0.12104627068128614,0.05591218985291081,0.587176680629269
192,greedy_objective,score,24,2.5496027624855437,2.6622543074190617,0.30435838420836514,1.839894038438797,2.982957424223423
192,greedy_objective,relevance_sum,24,3.6426235884428024,3.779820591211319,0.7593534862759849,2.3204634189605713,5.046109199523926
192,greedy_objective,redundancy_total,24,10.930208259572586,10.599942587316036,4.754492536933349,4.2551586627960205,20.808633148670197
192,greedy_objective,redundancy_per_pair,24,0.4578119904726803,0.4619190875440836,0.0681580341726785,0.305614167617427,0.5539191544055939
192,greedy_objective,n_selected,24,7.333333333333333,7.5,1.6594044679962139,5.0,10.0
192,greedy_objective,tokens_used,24,185.54166666666666,185.0,3.8558726150105644,176.0,192.0
192,greedy_objective,budget_utilization,24,0.9663628472222223,0.9635416666666666,0.02008266986984668,0.9166666666666666,1.0
192,greedy_objective,unique_coverage,24,0.34468178718855963,0.33436532507739936,0.0728208049895036,0.25,0.5
192,greedy_objective,optimality_gap,24,0.06098869496515393,0.05165744556184488,0.06134480130363545,-1.7484012566457194e-08,0.24538346256030472
192,greedy_token_aware,score,24,2.674197361897677,2.7292998645454647,0.25203602119688195,1.839894038438797,2.9716488882899283
192,greedy_token_aware,relevance_sum,24,4.250458827863137,4.208903923630714,0.6117510680546403,2.3204634189605713,5.115692764520645
192,greedy_token_aware,redundancy_total,24,15.762614659654597,15.928818698972464,3.9094034865997958,4.805693805217743,21.79979356378317
192,greedy_token_aware,redundancy_per_pair,24,0.3686621123716323,0.35650548804551363,0.05031491652996062,0.2957749996672977,0.4624140699704488
192,greedy_token_aware,n_selected,24,9.708333333333334,10.0,1.1970676733137326,6.0,12.0
192,greedy_token_aware,tokens_used,24,174.75,179.5,14.69471954848733,125.0,191.0
192,greedy_token_aware,budget_utilization,24,0.91015625,0.9348958333333334,0.0765349976483715,0.6510416666666666,0.9947916666666666
192,greedy_token_aware,unique_coverage,24,0.4031560467754353,0.3888888888888889,0.04611988659489479,0.3157894736842105,0.5263157894736842
192,greedy_token_aware,optimality_gap,24,0.014602510090786303,0.01274618864099023,0.015449097234468445,-6.283268003685469e-09,0.04401379928184655
192,ilp,score,24,2.7136437342812614,2.763053324073553,0.24802664455182574,1.839894038438797,3.0187417984008786
192,ilp,relevance_sum,24,4.208514054616292,4.2248691618442535,0.6076395095320067,2.3204634189605713,5.087307661771774
192,ilp,redundancy_total,24,14.948703203350306,15.282502919435501,3.814571711479511,4.805693805217743,20.808633148670197
192,ilp,redundancy_per_pair,24,0.39109045267718817,0.398455703465475,0.05195966539940207,0.3056141714255015,0.4624140699704488
192,ilp,n_selected,24,9.208333333333334,10.0,1.1787674722451364,6.0,11.0
192,ilp,tokens_used,24,185.95833333333334,187.5,6.669066597010582,162.0,192.0
192,ilp,budget_utilization,24,0.968532986111111,0.9765625,0.03473472185943012,0.84375,1.0
192,ilp,unique_coverage,24,0.40406154786475995,0.3888888888888889,0.05709379817428106,0.3,0.5
192,ilp,optimality_gap,24,0.0,0.0,0.0,0.0,0.0
256,top_k,score,24,2.6858282121519252,2.7525503408163785,0.27157734494750424,2.1095783069729803,3.062047281861305
256,top_k,relevance_sum,24,4.458360038076838,4.391125589609146,0.8374082775004633,2.6078290939331055,5.874532252550125
256,top_k,redundancy_total,24,17.725318259249132,17.45483436062932,6.297937498661689,4.860701829195023,30.485150314867496
256,top_k,redundancy_per_pair,24,0.4679319682011796,0.4697309899661276,0.08286975976597062,0.31781231178478764,0.6497560005102839
256,top_k,n_selected,24,9.166666666666666,9.5,1.857222485950146,5.0,13.0
256,top_k,tokens_used,24,246.20833333333334,250.5,11.037403470124612,216.0,256.0
256,top_k,budget_utilization,24,0.9617513020833334,0.978515625,0.04311485730517427,0.84375,1.0
256,top_k,unique_coverage,24,0.3993284119203237,0.41428571428571426,0.07290774805607556,0.2631578947368421,0.5
256,top_k,optimality_gap,24,0.04954733168482379,0.026803073820001525,0.057894809457220524,0.0,0.1975831623930703
256,mmr,score,24,2.342078698426485,2.2867420215159653,0.34836459740991377,1.5812579677440226,2.8183589860796925
256,mmr,relevance_sum,24,3.2607319347249963,3.0851239152252674,0.8154573610682015,1.869522213935852,5.19278684258461
256,mmr,redundancy_total,24,9.186532362985114,8.183772849850357,5.166453900982767,2.1406460478901863,24.986988976597786
256,mmr,redundancy_per_pair,24,0.2931112003975736,0.3034079947641918,0.055185168372803066,0.16969858424826748,0.39297814081822124
256,mmr,n_selected,24,8.166666666666666,8.0,1.9034674690672027,5.0,13.0
256,mmr,tokens_used,24,251.375,252.0,3.3468024973878783,245.0,256.0
256,mmr,budget_utilization,24,0.98193359375,0.984375,0.0130734472554214,0.95703125,1.0
256,mmr,unique_coverage,24,0.43621912215178466,0.4292763157894737,0.08601446032268671,0.25,0.5882352941176471
256,mmr,optimality_gap,24,0.1706684113334803,0.1418602765525914,0.10694051696067133,0.022087276409037418,0.4313478924683862
256,greedy_objective,score,24,2.65134085547179,2.794059960544109,0.31858239042691255,2.0922459453344344,3.062047281861305
256,greedy_objective,relevance_sum,24,3.967629802723726,4.042841777205467,0.8967878210640791,2.518783390522003,5.366275489330292
256,greedy_objective,redundancy_total,24,13.162889472519359,13.128455083817244,5.968436287566527,4.265374451875687,23.156345948576927
256,greedy_objective,redundancy_per_pair,24,0.43669183161544217,0.43683101378736044,0.05776652378043847,0.3037179415424665,0.566934409737587
256,greedy_objective,n_selected,24,8.125,8.0,1.9406968716999795,5.0,11.0
256,greedy_objective,tokens_used,24,247.79166666666666,250.5,8.895427094210024,216.0,256.0
256,greedy_objective,budget_utilization,24,0.9679361979166666,0.978515625,0.03474776208675791,0.84375,1.0
256,greedy_objective,unique_coverage,24,0.39445243009484493,0.3875,0.08018410502196596,0.2631578947368421,0.5555555555555556
256,greedy_objective,optimality_gap,24,0.062381297675599766,0.024720038989874973,0.07626390625612788,-6.3580804507694225e-09,0.22252881088898854
256,greedy_token_aware,score,24,2.793760335235857,2.8377836018800733,0.20017047087038076,2.109578312933445,3.0438382463529705
256,greedy_token_aware,relevance_sum,24,4.748478965523343,4.7579872608184814,0.6095952897840416,2.828787386417389,5.699518591165543
256,greedy_token_aware,redundancy_total,24,19.54718630287486,19.436871759593487,4.521734002915347,7.192090734839439,27.021319940686226
256,greedy_token_aware,redundancy_per_pair,24,0.38410234973799956,0.378436036949808,0.04314168141926244,0.3037179415424665,0.47402304775185056
256,greedy_token_aware,n_selected,24,10.541666666666666,11.0,1.141287094417552,7.0,13.0
256,greedy_token_aware,tokens_used,24,225.0,223.0,19.399686236817246,194.0,256.0
256,greedy_token_aware,budget_utilization,24,0.87890625,0.87109375,0.07578002436256737,0.7578125,1.0
256,greedy_token_aware,unique_coverage,24,0.4495162282749357,0.4444444444444444,0.04870905374700553,0.35294117647058826,0.5294117647058824
256,greedy_token_aware,optimality_gap,24,0.01063012139069231,0.006828934712868262,0.012955302327523474,-6.3580804507694225e-09,0.048297689346046065
256,ilp,score,24,2.8243503333379825,2.883277099952102,0.20587843182775734,2.1095783069729803,3.062047281861305
256,ilp,relevance_sum,24,4.602746482938528,4.653634712100029,0.539657257401003,2.828787386417389,5.366275489330292
256,ilp,redundancy_total,24,17.783961496005457,17.81519079208374,3.5643573811908182,7.192090794444084,23.156346037983894
256,ilp,redundancy_per_pair,24,0.39421323591006896,0.3978890930819843,0.055644368822449115,0.30371794319815104,0.48416643258598113
256,ilp,n_selected,24,10.0,10.0,1.0215078369104984,7.0,12.0
256,ilp,tokens_used,24,243.20833333333334,248.5,14.077361309893107,197.0,256.0
256,ilp,budget_utilization,24,0.9500325520833334,0.970703125,0.05498969261676995,0.76953125,1.0
256,ilp,unique_coverage,24,0.4502724335348174,0.4444444444444444,0.052076671408478194,0.35294117647058826,0.5625
256,ilp,optimality_gap,24,0.0,0.0,0.0,0.0,0.0
384,top_k,score,24,2.789132218745847,2.823649201914668,0.22200573013763913,2.252548483014107,3.1014187783002853
384,top_k,relevance_sum,24,4.867914258191983,4.899547845125198,0.7977143417991157,3.0325692892074585,5.89209845662117
384,top_k,redundancy_total,24,20.787820394461352,20.849328972399235,6.292568120712431,7.8002080619335175,30.959506817162037
384,top_k,redundancy_per_pair,24,0.4611291062797864,0.44922078918628017,0.06434641911862533,0.3714384791396913,0.6254751480051449
384,top_k,n_selected,24,9.958333333333334,10.0,1.6805580508625224,6.0,13.0
384,top_k,tokens_used,24,363.7083333333333,375.0,26.087610197124256,299.0,384.0
384,top_k,budget_utilization,24,0.9471571180555557,0.9765625,0.0679364848883444,0.7786458333333334,1.0
384,top_k,unique_coverage,24,0.43633319921535857,0.4330357142857143,0.06982726897455827,0.29411764705882354,0.5625
384,top_k,optimality_gap,24,0.0391228793602714,0.025198647591407504,0.04349244915116344,-6.498627130393256e-09,0.14602891483401406
384,mmr,score,24,2.6299075269237315,2.7109665389172735,0.2538487251975497,1.7755584135651588,3.025977010279894
384,mmr,relevance_sum,24,4.167327059432864,4.279177621006966,0.7450972938600693,2.3324040472507477,5.254622019827366
384,mmr,redundancy_total,24,15.374195325091327,15.26120313256979,5.476321499737032,5.568456336855888,24.658799931406975
384,mmr,redundancy_per_pair,24,0.3195434682731415,0.3207449399260065,0.03422188460863976,0.2609631531768375,0.3780134738023792
384,mmr,n_selected,24,10.166666666666666,10.0,1.7362294645648622,7.0,13.0
384,mmr,tokens_used,24,373.7916666666667,379.0,17.23237389754898,298.0,384.0
384,mmr,budget_utilization,24,0.973415798611111,0.9869791666666666,0.04487597369153382,0.7760416666666666,1.0
384,mmr,unique_coverage,24,0.537972433125297,0.5527777777777778,0.08514122939213299,0.3684210526315789,0.6842105263157895
384,mmr,optimality_gap,24,0.09441660226297814,0.08733652984538028,0.06445571939178724,0.001538631677782827,0.2178024140321943
384,greedy_objective,score,24,2.8457391255845628,2.8933899492025374,0.22242963702825727,2.252548483014107,3.1014187783002853
384,greedy_objective,relevance_sum,24,4.632555615156889,4.737805873155594,0.7300842047407246,3.0325692892074585,5.695242643356323
384,greedy_objective,redundancy_total,24,17.868164895723265,18.328420609235764,5.299369540831934,7.8002080619335175,26.879897892475128
384,greedy_objective,redundancy_per_pair,24,0.4267447386286838,0.4161278682977262,0.054376355758985466,0.35670295750552955,0.5862441440423329
384,greedy_objective,n_selected,24,9.625,10.0,1.6100904646471967,6.0,12.0
384,greedy_objective,tokens_used,24,359.9166666666667,374.5,29.000624680928134,295.0,384.0
384,greedy_objective,budget_utilization,24,0.937282986111111,0.9752604166666667,0.07552246010658369,0.7682291666666666,1.0
384,greedy_objective,unique_coverage,24,0.4534300416072862,0.4444444444444444,0.07558384974546156,0.3125,0.5882352941176471
384,greedy_objective,optimality_gap,24,0.020031031458522395,0.006192722911411042,0.03292054935066468,-1.49589745708204e-08,0.13018273108625356
384,greedy_token_aware,score,24,2.860412798876253,2.9020699970424175,0.18412007469737518,2.232879449427128,3.1425468700006602
384,greedy_token_aware,relevance_sum,24,5.116274358394246,5.204271122813225,0.5927385942803046,3.2189526557922363,6.128329753875732
384,greedy_token_aware,redundancy_total,24,22.55861559517992,23.05411061644554,4.329123225399091,9.860732063651085,31.272672295570374
384,greedy_token_aware,redundancy_per_pair,24,0.37085785150086475,0.3695063127643301,0.03329436939833395,0.31383562387164793,0.4289283921321233
384,greedy_token_aware,n_selected,24,11.5,12.0,1.06321906614239,8.0,13.0
384,greedy_token_aware,tokens_used,24,330.4583333333333,328.0,38.29176227298783,266.0,384.0
384,greedy_token_aware,budget_utilization,24,0.860568576388889,0.8541666666666667,0.09971813091923915,0.6927083333333334,1.0
384,greedy_token_aware,unique_coverage,24,0.4969324096597703,0.5,0.04941599032824012,0.4117647058823529,0.5882352941176471
384,greedy_token_aware,optimality_gap,24,0.0145163177441225,0.012271521657288233,0.01193842867036458,0.0,0.03680689561836415
384,ilp,score,24,2.903016337616524,2.9294045425951483,0.19049610608796283,2.252548483014107,3.183261795435101
384,ilp,relevance_sum,24,4.899808355917533,4.893170863389969,0.5436168256497775,3.0325692892074585,5.6094242334365845
384,ilp,redundancy_total,24,19.96792018301009,19.874481040984392,3.669829507322497,7.8002080619335175,25.536401242017746
384,ilp,redundancy_per_pair,24,0.38850567896352944,0.38974283546811406,0.04065518203535914,0.3175782990726558,0.45553887552685207
384,ilp,n_selected,24,10.625,11.0,1.0134958870382644,7.0,12.0
384,ilp,tokens_used,24,345.0833333333333,358.5,33.063728539406085,277.0,380.0
384,ilp,budget_utilization,24,0.8986545138888888,0.93359375,0.08610345973803667,0.7213541666666666,0.9895833333333334
384,ilp,unique_coverage,24,0.4837567263747604,0.48684210526315785,0.0654755387004762,0.35294117647058826,0.625
384,ilp,optimality_gap,24,0.0,0.0,0.0,0.0,0.0
512,top_k,score,24,2.8198478367063218,2.8720281973481177,0.21775648376113235,2.246460947394371,3.1515192908234892
512,top_k,relevance_sum,24,5.241722632199526,5.469628676772118,0.7671760972989756,3.294825255870819,6.013735353946686
512,top_k,redundancy_total,24,24.21874795493204,26.38109017163515,5.907075173104199,10.48364308476448,31.384318441152573
512,top_k,redundancy_per_pair,24,0.4591756849848534,0.44591164390246074,0.051686733782112665,0.3814560822569407,0.5950438976287842
512,top_k,n_selected,24,10.75,11.0,1.5393392145304765,7.0,13.0
512,top_k,tokens_used,24,455.4166666666667,470.5,59.14236079646897,310.0,512.0
512,top_k,budget_utilization,24,0.8894856770833334,0.9189453125,0.11551242343060346,0.60546875,1.0
512,top_k,unique_coverage,24,0.4776703554228709,0.5,0.069233553788903,0.2777777777777778,0.6111111111111112
512,top_k,optimality_gap,24,0.03798480360145676,0.025734998311887556,0.03833778578834854,0.0,0.15992933795916914
512,mmr,score,24,2.75406625426452,2.760695242881775,0.19617227531437068,2.111168585717678,3.002094696462154
512,mmr,relevance_sum,24,4.834045394013326,4.902056377381086,0.62722819402303,3.260138988494873,5.9614138305187225
512,mmr,redundancy_total,24,20.799791397488054,21.246167680248618,4.744719200978391,11.48970402777195,29.59319134056568
512,mmr,redundancy_per_pair,24,0.33901793699297816,0.3352104334145489,0.04007531217520103,0.26905763439006275,0.42229082205078816
512,mmr,n_selected,24,11.541666666666666,12.0,1.2150922908825976,9.0,13.0
512,mmr,tokens_used,24,490.8333333333333,504.0,24.2570772580179,434.0,512.0
512,mmr,budget_utilization,24,0.9586588541666666,0.984375,0.04737710401956621,0.84765625,1.0
512,mmr,unique_coverage,24,0.5997739702606188,0.6055555555555556,0.06436967920974501,0.5,0.7058823529411765
512,mmr,optimality_gap,24,0.05996596884002794,0.0559264373750996,0.039422920733791986,0.004086747558492567,0.15720967158578564
512,greedy_objective,score,24,2.9242968178198985,2.9532858319580555,0.16842036085262388,2.3845248349010943,3.220519969239831
512,greedy_objective,relevance_sum,24,5.094032232028742,5.116502076387405,0.46676028348729526,3.447995811700821,5.695242643356323
512,greedy_objective,redundancy_total,24,21.697354142088443,21.98475001938641,3.2710895241621847,10.634709767997265,26.879897892475128
512,greedy_objective,redundancy_per_pair,24,0.40304073451376715,0.39972272762520744,0.03998468153197941,0.31478183459151876,0.48872541622682053
512,greedy_objective,n_selected,24,10.875,11.0,0.7974142996067924,8.0,12.0
512,greedy_objective,tokens_used,24,425.125,436.0,57.33525548682181,297.0,511.0
512,greedy_objective,budget_utilization,24,0.830322265625,0.8515625,0.11198292087269884,0.580078125,0.998046875
512,greedy_objective,unique_coverage,24,0.5116231909430439,0.5,0.06169030044302603,0.4117647058823529,0.6470588235294118
512,greedy_objective,optimality_gap,24,0.0017772790531165445,0.0,0.003247863763035278,-1.685620619268199e-08,0.010209590449578735
512,greedy_token_aware,score,24,2.87857509314393,2.9177231930196283,0.1658754685253353,2.3380471251904966,3.1445032950490712
512,greedy_token_aware,relevance_sum,24,5.3151333856706815,5.303687930107117,0.5346826924119527,3.6343791782855988,6.128329753875732
512,greedy_token_aware,redundancy_total,24,24.365582925267518,24.73500076122582,3.943180927280967,12.963320530951023,31.272672295570374
512,greedy_token_aware,redundancy_per_pair,24,0.37366431448228726,0.3695063127643301,0.03482336435741543,0.31478183459151876,0.46535235453735696
512,greedy_token_aware,n_selected,24,11.916666666666666,12.0,1.0179547554081032,9.0,14.0
512,greedy_token_aware,tokens_used,24,397.375,391.0,69.65430945811578,266.0,508.0
512,greedy_token_aware,budget_utilization,24,0.776123046875,0.763671875,0.13604357316038238,0.51953125,0.9921875
512,greedy_token_aware,unique_coverage,24,0.5174119428473144,0.5,0.056403485885176984,0.42105263157894735,0.631578947368421
512,greedy_token_aware,optimality_gap,24,0.017314659689110133,0.014130945806572075,0.013053511813996993,-2.786166473050015e-09,0.04723335699639904
512,ilp,score,24,2.929492462597166,2.9532858207821846,0.16807834901195504,2.3845248349010943,3.220519969239831
512,ilp,relevance_sum,24,5.068735038551192,5.129979625344276,0.4699275109876557,3.447995811700821,5.6094242334365845
512,ilp,redundancy_total,24,21.39242575954025,21.567232912406325,3.215160613839838,10.634709767997265,25.536400973796844
512,ilp,redundancy_per_pair,24,0.39749011808449514,0.39251346598294645,0.039826383712170815,0.31478183594616976,0.46738683780034385
512,ilp,n_selected,24,10.875,11.0,0.7974142996067924,8.0,12.0
512,ilp,tokens_used,24,420.9166666666667,428.0,57.50305599944547,292.0,501.0
512,ilp,budget_utilization,24,0.8221028645833334,0.8359375,0.11231065624891694,0.5703125,0.978515625
512,ilp,unique_coverage,24,0.5028826150343179,0.5,0.06753127673057406,0.3684210526315789,0.6875
512,ilp,optimality_gap,24,0.0,0.0,0.0,0.0,0.0
768,top_k,score,24,2.8522720185457726,2.8551911056041717,0.16449812240973835,2.432152747362852,3.1515192908234892
768,top_k,relevance_sum,24,5.547386622677247,5.695027574896812,0.522890501264308,3.8893969357013702,6.455136477947235
768,top_k,redundancy_total,24,26.95114604131474,27.492570515722036,4.438660432752258,14.572441883385181,36.51645714044571
768,top_k,redundancy_per_pair,24,0.4380781951316413,0.4350500199379343,0.042741793214863266,0.36229559230533515,0.5107354475693269
768,top_k,n_selected,24,11.583333333333334,12.0,0.880546602310508,9.0,13.0
768,top_k,tokens_used,24,542.0416666666666,540.5,121.60859493604406,310.0,762.0
768,top_k,budget_utilization,24,0.7057834201388888,0.7037760416666667,0.15834452465630736,0.4036458333333333,0.9921875
768,top_k,unique_coverage,24,0.5114265187068979,0.5,0.06171941188706805,0.42105263157894735,0.625
768,top_k,optimality_gap,24,0.02785094858461411,0.023008694156824196,0.02388100941890382,-9.870219435833834e-09,0.08256256093968024
768,mmr,score,24,2.7776488921779667,2.7897791441297155,0.17515952402778223,2.254597625136375,3.0032618813216683
768,mmr,relevance_sum,24,5.170884502430757,5.251473486423492,0.5266202610967433,3.8026775121688843,5.9614138305187225
768,mmr,redundancy_total,24,23.932356102527894,24.43797487951815,3.8126366119335353,14.978024661540985,29.59319134056568
768,mmr,redundancy_per_pair,24,0.3517436665284473,0.3449422250336822,0.0345797946770774,0.2889125072090262,0.4186677903388486
768,mmr,n_selected,24,12.166666666666666,12.0,1.0072203103706696,10.0,14.0
768,mmr,tokens_used,24,568.5416666666666,545.0,89.42958326146244,434.0,761.0
768,mmr,budget_utilization,24,0.7402886284722222,0.7096354166666666,0.11644476987169587,0.5651041666666666,0.9908854166666666
768,mmr,unique_coverage,24,0.6329606184579095,0.625,0.04954350242354763,0.5555555555555556,0.7368421052631579
768,mmr,optimality_gap,24,0.05346667349240933,0.05512685229913152,0.029656396597818557,-8.453621913848311e-09,0.14530357186939044
768,greedy_objective,score,24,2.929573265292371,2.9606120958924294,0.16270070358975805,2.432152747362852,3.220519969239831
768,greedy_objective,relevance_sum,24,5.193755731297036,5.26298101246357,0.43322961649382213,3.8893969357013702,5.838389068841934
768,greedy_objective,redundancy_total,24,22.641824660046648,22.622617419809103,2.996361334786097,14.572441883385181,27.60728247463703
768,greedy_objective,redundancy_per_pair,24,0.4052054396531033,0.40306187093521306,0.039565546080234944,0.31478183459151876,0.48872541622682053
768,greedy_objective,n_selected,24,11.083333333333334,11.0,0.7172815023567723,9.0,12.0
768,greedy_objective,tokens_used,24,465.7083333333333,456.0,93.17420764897597,297.0,670.0
768,greedy_objective,budget_utilization,24,0.6063910590277778,0.59375,0.12132058287627082,0.38671875,0.8723958333333334
768,greedy_objective,unique_coverage,24,0.5121248535964092,0.5,0.06304068248136208,0.42105263157894735,0.6470588235294118
768,greedy_objective,optimality_gap,24,0.0017083301255802058,0.0,0.0031176431256288877,-1.8249390547817237e-08,0.01020957914981832
768,greedy_token_aware,score,24,2.879789940329889,2.9177231930196283,0.1631071236916353,2.356368727236986,3.1445032950490712
768,greedy_token_aware,relevance_sum,24,5.369015998207033,5.324982091784477,0.4701064760668404,4.075780302286148,6.128329753875732
768,greedy_token_aware,redundancy_total,24,24.89226057877143,24.963957590982318,3.4198166956707885,17.19411575049162,31.272672295570374
768,greedy_token_aware,redundancy_per_pair,24,0.37433627294846855,0.3756334274955146,0.034446654786041926,0.31478183459151876,0.46535235453735696
768,greedy_token_aware,n_selected,24,12.041666666666666,12.0,0.858672720295521,10.0,14.0
768,greedy_token_aware,tokens_used,24,420.4166666666667,400.5,91.60829498547021,266.0,682.0
768,greedy_token_aware,budget_utilization,24,0.5474175347222222,0.521484375,0.11928163409566435,0.3463541666666667,0.8880208333333334
768,greedy_token_aware,unique_coverage,24,0.5224670899061379,0.5147058823529411,0.05604311579986356,0.42105263157894735,0.631578947368421
768,greedy_token_aware,optimality_gap,24,0.018657035502105238,0.015336532699710453,0.013991533105147563,-1.8249390547817237e-08,0.05566132752433526
768,ilp,score,24,2.934547692692528,2.962172619253397,0.16183332235810197,2.432152747362852,3.220519969239831
768,ilp,relevance_sum,24,5.169162188346188,5.312177792191505,0.44203507175619944,3.8893969357013702,5.838389068841934
768,ilp,redundancy_total,24,22.34614495653659,22.885785575956106,3.048093939248901,14.572441883385181,27.60728232562542
768,ilp,redundancy_per_pair,24,0.3965240968436768,0.39443027414381504,0.040100673343173646,0.3147818434644829,0.46177255267446693
768,ilp,n_selected,24,11.125,11.0,0.6796738348201514,9.0,12.0
768,ilp,tokens_used,24,462.2083333333333,448.0,99.62057547500423,292.0,670.0
768,ilp,budget_utilization,24,0.6018337673611112,0.5833333333333334,0.12971429098307843,0.3802083333333333,0.8723958333333334
768,ilp,unique_coverage,24,0.5099632250561044,0.5,0.06637432862508372,0.3684210526315789,0.6875
768,ilp,optimality_gap,24,0.0,0.0,0.0,0.0,0.0
1024,top_k,score,24,2.8522720185457726,2.8551911056041717,0.16449812240973835,2.432152747362852,3.1515192908234892
1024,top_k,relevance_sum,24,5.547386622677247,5.695027574896812,0.522890501264308,3.8893969357013702,6.455136477947235
1024,top_k,redundancy_total,24,26.95114604131474,27.492570515722036,4.438660432752258,14.572441883385181,36.51645714044571
1024,top_k,redundancy_per_pair,24,0.4380781951316413,0.4350500199379343,0.042741793214863266,0.36229559230533515,0.5107354475693269
1024,top_k,n_selected,24,11.583333333333334,12.0,0.880546602310508,9.0,13.0
1024,top_k,tokens_used,24,542.0416666666666,540.5,121.60859493604406,310.0,762.0
1024,top_k,budget_utilization,24,0.5293375651041666,0.52783203125,0.11875839349223052,0.302734375,0.744140625
1024,top_k,unique_coverage,24,0.5114265187068979,0.5,0.06171941188706805,0.42105263157894735,0.625
1024,top_k,optimality_gap,24,0.027850950730972865,0.023008694156824196,0.023881009456417773,-5.428620636181307e-09,0.0825625555711532
1024,mmr,score,24,2.7869264136243146,2.7897791441297155,0.16507669989774934,2.303201861679554,3.0032618813216683
1024,mmr,relevance_sum,24,5.247808734575908,5.3236813098192215,0.41947658680999345,4.311001479625702,5.9614138305187225
1024,mmr,redundancy_total,24,24.60882320951593,24.82396292127669,2.9027672994797125,20.038490891456604,29.59319134056568
1024,mmr,redundancy_per_pair,24,0.35296962428777023,0.34766118909994315,0.034475762166727354,0.2889125072090262,0.4186677903388486
1024,mmr,n_selected,24,12.333333333333334,12.0,0.816496580927726,11.0,14.0
1024,mmr,tokens_used,24,574.5833333333334,545.0,102.66785478326263,434.0,828.0
1024,mmr,budget_utilization,24,0.5611165364583334,0.5322265625,0.10026157693677991,0.423828125,0.80859375
1024,mmr,unique_coverage,24,0.6399050629023539,0.6360294117647058,0.04990143819538932,0.5555555555555556,0.7368421052631579
1024,mmr,optimality_gap,24,0.05025832699378994,0.05336507530059677,0.023199022849418546,-8.453621913848311e-09,0.08828724503659872
1024,greedy_objective,score,24,2.929573265292371,2.9606120958924294,0.16270070358975805,2.432152747362852,3.220519969239831
1024,greedy_objective,relevance_sum,24,5.193755731297036,5.26298101246357,0.43322961649382213,3.8893969357013702,5.838389068841934
1024,greedy_objective,redundancy_total,24,22.641824660046648,22.622617419809103,2.996361334786097,14.572441883385181,27.60728247463703
1024,greedy_objective,redundancy_per_pair,24,0.4052054396531033,0.40306187093521306,0.039565546080234944,0.31478183459151876,0.48872541622682053
1024,greedy_objective,n_selected,24,11.083333333333334,11.0,0.7172815023567723,9.0,12.0
1024,greedy_objective,tokens_used,24,465.7083333333333,456.0,93.17420764897597,297.0,670.0
1024,greedy_objective,budget_utilization,24,0.4547932942708333,0.4453125,0.09099043715720309,0.2900390625,0.654296875
1024,greedy_objective,unique_coverage,24,0.5121248535964092,0.5,0.06304068248136208,0.42105263157894735,0.6470588235294118
1024,greedy_objective,optimality_gap,24,0.0017083323297455608,0.0,0.0031176436631308087,-1.49589745708204e-08,0.010209593077429987
1024,greedy_token_aware,score,24,2.879789940329889,2.9177231930196283,0.1631071236916353,2.356368727236986,3.1445032950490712
1024,greedy_token_aware,relevance_sum,24,5.369015998207033,5.324982091784477,0.4701064760668404,4.075780302286148,6.128329753875732
1024,greedy_token_aware,redundancy_total,24,24.89226057877143,24.963957590982318,3.4198166956707885,17.19411575049162,31.272672295570374
1024,greedy_token_aware,redundancy_per_pair,24,0.37433627294846855,0.3756334274955146,0.034446654786041926,0.31478183459151876,0.46535235453735696
1024,greedy_token_aware,n_selected,24,12.041666666666666,12.0,0.858672720295521,10.0,14.0
1024,greedy_token_aware,tokens_used,24,420.4166666666667,400.5,91.60829498547021,266.0,682.0
1024,greedy_token_aware,budget_utilization,24,0.4105631510416667,0.39111328125,0.08946122557174825,0.259765625,0.666015625
1024,greedy_token_aware,unique_coverage,24,0.5224670899061379,0.5147058823529411,0.05604311579986356,0.42105263157894735,0.631578947368421
1024,greedy_token_aware,optimality_gap,24,0.01865703764172179,0.015336532699710453,0.013991535118729881,-3.3433997363093785e-09,0.05566133897105723
1024,ilp,score,24,2.9345476989789554,2.962172619253397,0.16183331894988465,2.432152747362852,3.220519969239831
1024,ilp,relevance_sum,24,5.169162188346188,5.312177792191505,0.44203507175619944,3.8893969357013702,5.838389068841934
1024,ilp,redundancy_total,24,22.346144893672317,22.885785397142172,3.0480939514423224,14.572441883385181,27.60728232562542
1024,ilp,redundancy_per_pair,24,0.3965240957659139,0.39443027414381504,0.04010067398090684,0.3147818362171,0.46177255267446693
1024,ilp,n_selected,24,11.125,11.0,0.6796738348201514,9.0,12.0
1024,ilp,tokens_used,24,462.2083333333333,448.0,99.62057547500423,292.0,670.0
1024,ilp,budget_utilization,24,0.4513753255208333,0.4375,0.09728571823730882,0.28515625,0.654296875
1024,ilp,unique_coverage,24,0.5099632250561044,0.5,0.06637432862508372,0.3684210526315789,0.6875
1024,ilp,optimality_gap,24,0.0,0.0,0.0,0.0,0.0
2048,top_k,score,24,2.8522720185457726,2.8551911056041717,0.16449812240973835,2.432152747362852,3.1515192908234892
2048,top_k,relevance_sum,24,5.547386622677247,5.695027574896812,0.522890501264308,3.8893969357013702,6.455136477947235
2048,top_k,redundancy_total,24,26.95114604131474,27.492570515722036,4.438660432752258,14.572441883385181,36.51645714044571
2048,top_k,redundancy_per_pair,24,0.4380781951316413,0.4350500199379343,0.042741793214863266,0.36229559230533515,0.5107354475693269
2048,top_k,n_selected,24,11.583333333333334,12.0,0.880546602310508,9.0,13.0
2048,top_k,tokens_used,24,542.0416666666666,540.5,121.60859493604406,310.0,762.0
2048,top_k,budget_utilization,24,0.2646687825520833,0.263916015625,0.05937919674611526,0.1513671875,0.3720703125
2048,top_k,unique_coverage,24,0.5114265187068979,0.5,0.06171941188706805,0.42105263157894735,0.625
2048,top_k,optimality_gap,24,0.027850950202647152,0.023008694156824196,0.023881008936039706,-8.636441995699156e-09,0.0825625555711532
2048,mmr,score,24,2.7869264136243146,2.7897791441297155,0.16507669989774934,2.303201861679554,3.0032618813216683
2048,mmr,relevance_sum,24,5.247808734575908,5.3236813098192215,0.41947658680999345,4.311001479625702,5.9614138305187225
2048,mmr,redundancy_total,24,24.60882320951593,24.82396292127669,2.9027672994797125,20.038490891456604,29.59319134056568
2048,mmr,redundancy_per_pair,24,0.35296962428777023,0.34766118909994315,0.034475762166727354,0.2889125072090262,0.4186677903388486
2048,mmr,n_selected,24,12.333333333333334,12.0,0.816496580927726,11.0,14.0
2048,mmr,tokens_used,24,574.5833333333334,545.0,102.66785478326263,434.0,828.0
2048,mmr,budget_utilization,24,0.2805582682291667,0.26611328125,0.050130788468389954,0.2119140625,0.404296875
2048,mmr,unique_coverage,24,0.6399050629023539,0.6360294117647058,0.04990143819538932,0.5555555555555556,0.7368421052631579
2048,mmr,optimality_gap,24,0.050258326470239846,0.05336507530059677,0.023199022652486145,-8.453621913848311e-09,0.08828724548162704
2048,greedy_objective,score,24,2.929573265292371,2.9606120958924294,0.16270070358975805,2.432152747362852,3.220519969239831
2048,greedy_objective,relevance_sum,24,5.193755731297036,5.26298101246357,0.43322961649382213,3.8893969357013702,5.838389068841934
2048,greedy_objective,redundancy_total,24,22.641824660046648,22.622617419809103,2.996361334786097,14.572441883385181,27.60728247463703
2048,greedy_objective,redundancy_per_pair,24,0.4052054396531033,0.40306187093521306,0.039565546080234944,0.31478183459151876,0.48872541622682053
2048,greedy_objective,n_selected,24,11.083333333333334,11.0,0.7172815023567723,9.0,12.0
2048,greedy_objective,tokens_used,24,465.7083333333333,456.0,93.17420764897597,297.0,670.0
2048,greedy_objective,budget_utilization,24,0.22739664713541666,0.22265625,0.045495218578601546,0.14501953125,0.3271484375
2048,greedy_objective,unique_coverage,24,0.5121248535964092,0.5,0.06304068248136208,0.42105263157894735,0.6470588235294118
2048,greedy_objective,optimality_gap,24,0.0017083317709418663,0.0,0.0031176448254281305,-1.49589745708204e-08,0.010209593077429987
2048,greedy_token_aware,score,24,2.879789940329889,2.9177231930196283,0.1631071236916353,2.356368727236986,3.1445032950490712
2048,greedy_token_aware,relevance_sum,24,5.369015998207033,5.324982091784477,0.4701064760668404,4.075780302286148,6.128329753875732
2048,greedy_token_aware,redundancy_total,24,24.89226057877143,24.963957590982318,3.4198166956707885,17.19411575049162,31.272672295570374
2048,greedy_token_aware,redundancy_per_pair,24,0.37433627294846855,0.3756334274955146,0.034446654786041926,0.31478183459151876,0.46535235453735696
2048,greedy_token_aware,n_selected,24,12.041666666666666,12.0,0.858672720295521,10.0,14.0
2048,greedy_token_aware,tokens_used,24,420.4166666666667,400.5,91.60829498547021,266.0,682.0
2048,greedy_token_aware,budget_utilization,24,0.20528157552083334,0.195556640625,0.044730612785874126,0.1298828125,0.3330078125
2048,greedy_token_aware,unique_coverage,24,0.5224670899061379,0.5147058823529411,0.05604311579986356,0.42105263157894735,0.631578947368421
2048,greedy_token_aware,optimality_gap,24,0.018657037127476,0.015336532699710453,0.013991532852469452,-2.786166473050015e-09,0.05566132752433526
2048,ilp,score,24,2.934547697240486,2.962172619253397,0.16183331694836794,2.432152747362852,3.220519969239831
2048,ilp,relevance_sum,24,5.169162188346188,5.312177792191505,0.44203507175619944,3.8893969357013702,5.838389068841934
2048,ilp,redundancy_total,24,22.346144911057007,22.885785575956106,3.0480939990492173,14.572441883385181,27.60728232562542
2048,ilp,redundancy_per_pair,24,0.3965240959989013,0.39443027414381504,0.04010067442292043,0.31478183594616976,0.46177255267446693
2048,ilp,n_selected,24,11.125,11.0,0.6796738348201514,9.0,12.0
2048,ilp,tokens_used,24,462.2083333333333,448.0,99.62057547500423,292.0,670.0
2048,ilp,budget_utilization,24,0.22568766276041666,0.21875,0.04864285911865441,0.142578125,0.3271484375
2048,ilp,unique_coverage,24,0.5099632250561044,0.5,0.06637432862508372,0.3684210526315789,0.6875
2048,ilp,optimality_gap,24,0.0,0.0,0.0,0.0,0.0
