seed,beta,redundancy,w_sat,w_sat_proven,w_sat_status,w_sat_n_selected,corpus_token_mass,budget_tight,budget_medium,budget_loose,ordered,max_rho_dev,min_token,tight_affords_one,runtime_s
0,-0.5,low,838,True,proven_optimal,12,2318,210,503,1257,True,0.0005966587112171684,35,True,0.20978441706392914
0,-0.5,high,687,True,proven_optimal,10,2318,172,412,1030,True,0.0007278020378456151,35,True,0.04036620899569243
0,0.0,low,838,True,proven_optimal,12,2318,210,503,1257,True,0.0005966587112171684,35,True,0.019112334004603326
0,0.0,high,648,True,proven_optimal,9,2318,162,389,972,True,0.00030864197530866555,35,True,0.03141741594299674
0,0.5,low,838,True,proven_optimal,12,2318,210,503,1257,True,0.0005966587112171684,35,True,0.019167124992236495
0,0.5,high,648,True,proven_optimal,9,2318,162,389,972,True,0.00030864197530866555,35,True,0.035016791080124676
0,1.0,low,1059,True,proven_optimal,12,2318,265,635,1588,True,0.00047214353163371747,35,True,0.03837550000753254
0,1.0,high,648,True,proven_optimal,9,2318,162,389,972,True,0.00030864197530866555,35,True,0.05670145805925131
0,1.5,low,1275,True,proven_optimal,13,2318,319,765,1912,True,0.00039215686274518546,35,True,0.03236162499524653
0,1.5,high,842,True,proven_optimal,7,2318,210,505,1263,True,0.0005938242280285055,35,True,0.10833804192952812
0,2.0,low,1421,True,proven_optimal,12,2318,355,853,2132,True,0.00035186488388450066,35,True,0.016405832953751087
0,2.0,high,902,True,proven_optimal,7,2318,226,541,1353,True,0.0005543237250554278,35,True,0.07003233302384615
1,-0.5,low,769,True,proven_optimal,9,2301,192,461,1154,True,0.0006501950585175997,32,True,0.017109249951317906
1,-0.5,high,447,True,proven_optimal,5,2301,112,268,670,True,0.0011185682326622093,32,True,0.017852957942523062
1,0.0,low,769,True,proven_optimal,9,2301,192,461,1154,True,0.0006501950585175997,32,True,0.025280082947574556
1,0.0,high,447,True,proven_optimal,5,2301,112,268,670,True,0.0011185682326622093,32,True,0.017839499982073903
1,0.5,low,912,True,proven_optimal,10,2301,228,547,1368,True,0.00021929824561406353,32,True,0.017494458006694913
1,0.5,high,447,True,proven_optimal,5,2301,112,268,670,True,0.0011185682326622093,32,True,0.02788470801897347
1,1.0,low,858,True,proven_optimal,9,2301,214,515,1287,True,0.0005827505827505908,32,True,0.017542958026751876
1,1.0,high,447,True,proven_optimal,5,2301,112,268,670,True,0.0011185682326622093,32,True,0.1103560000192374
1,1.5,low,858,True,proven_optimal,9,2301,214,515,1287,True,0.0005827505827505908,32,True,0.01574429194442928
1,1.5,high,590,True,proven_optimal,6,2301,148,354,885,True,0.0008474576271186307,32,True,0.052854000008665025
1,2.0,low,1176,True,proven_optimal,11,2301,294,706,1764,True,0.0003401360544217358,32,True,0.05333150003571063
1,2.0,high,893,True,proven_optimal,7,2301,223,536,1340,True,0.0005599104143336753,32,True,0.053320165956392884
2,-0.5,low,698,True,proven_optimal,9,2182,174,419,1047,True,0.0007163323782234943,30,True,0.016470625065267086
2,-0.5,high,508,True,proven_optimal,7,2182,127,305,762,True,0.0003937007874016407,30,True,0.028910459019243717
2,0.0,low,698,True,proven_optimal,9,2182,174,419,1047,True,0.0007163323782234943,30,True,0.017311833915300667
2,0.0,high,643,True,proven_optimal,8,2182,161,386,964,True,0.0007776049766718973,30,True,0.027062916895374656
2,0.5,low,887,True,proven_optimal,9,2182,222,532,1330,True,0.0005636978579481866,30,True,0.018227958003990352
2,0.5,high,832,True,proven_optimal,8,2182,208,499,1248,True,0.00024038461538455902,30,True,0.02756112499628216
2,1.0,low,1193,True,proven_optimal,10,2182,298,716,1790,True,0.0004191114836546994,30,True,0.030504166963510215
2,1.0,high,885,True,proven_optimal,8,2182,221,531,1328,True,0.0005649717514124575,30,True,0.02643062500283122
2,1.5,low,1293,True,proven_optimal,10,2182,323,776,1940,True,0.0003866976024748947,30,True,0.017816541017964482
2,1.5,high,985,True,proven_optimal,8,2182,246,591,1478,True,0.0005076142131978933,30,True,0.017900333972647786
2,2.0,low,1293,True,proven_optimal,10,2182,323,776,1940,True,0.0003866976024748947,30,True,0.01831441605463624
2,2.0,high,1106,True,proven_optimal,8,2182,276,664,1659,True,0.000452079566003627,30,True,0.017359541030600667
3,-0.5,low,772,True,proven_optimal,10,2437,193,463,1158,True,0.0002590673575129099,27,True,0.02464495797175914
3,-0.5,high,719,True,proven_optimal,8,2437,180,431,1078,True,0.0006954102920724292,27,True,0.046172000002115965
3,0.0,low,1039,True,proven_optimal,11,2437,260,623,1558,True,0.00048123195380167516,27,True,0.041500208084471524
3,0.0,high,806,True,proven_optimal,8,2437,202,484,1209,True,0.000620347394540921,27,True,0.20864704193081707
3,0.5,low,1112,True,proven_optimal,11,2437,278,667,1668,True,0.00017985611510784594,27,True,0.016258709016256034
3,0.5,high,806,True,proven_optimal,8,2437,202,484,1209,True,0.000620347394540921,27,True,0.01638108293991536
3,1.0,low,1248,True,proven_optimal,12,2437,312,749,1872,True,0.0001602564102564097,27,True,0.015622999984771013
3,1.0,high,806,True,proven_optimal,8,2437,202,484,1209,True,0.000620347394540921,27,True,0.016150709008798003
3,1.5,low,1601,True,proven_optimal,14,2437,400,961,2402,True,0.00031230480949395734,27,True,0.016066292067989707
3,1.5,high,1012,True,proven_optimal,9,2437,253,607,1518,True,0.00019762845849802257,27,True,0.044105124892666936
3,2.0,low,1819,True,proven_optimal,15,2437,455,1091,2728,True,0.00027487630566236376,27,True,0.015928040957078338
3,2.0,high,1121,True,proven_optimal,9,2437,280,673,1682,True,0.000446030330062408,27,True,0.04295720800291747
4,-0.5,low,822,True,proven_optimal,11,2269,206,493,1233,True,0.0006082725060827521,14,True,0.015717417001724243
4,-0.5,high,504,True,proven_optimal,7,2269,126,302,756,True,0.0007936507936507908,14,True,0.0351412920281291
4,0.0,low,822,True,proven_optimal,11,2269,206,493,1233,True,0.0006082725060827521,14,True,0.015125875012017787
4,0.0,high,504,True,proven_optimal,7,2269,126,302,756,True,0.0007936507936507908,14,True,0.04750262503512204
4,0.5,low,957,True,proven_optimal,11,2269,239,574,1436,True,0.0005224660397074032,14,True,0.016114040976390243
4,0.5,high,752,True,proven_optimal,8,2269,188,451,1128,True,0.00026595744680846245,14,True,0.03478120791260153
4,1.0,low,1113,True,proven_optimal,11,2269,278,668,1670,True,0.0004492362982928544,14,True,0.015649375040084124
4,1.0,high,731,True,proven_optimal,7,2269,183,439,1096,True,0.0006839945280436854,14,True,0.07625941699370742
4,1.5,low,1113,True,proven_optimal,11,2269,278,668,1670,True,0.0004492362982928544,14,True,0.01622908399440348
4,1.5,high,897,True,proven_optimal,8,2269,224,538,1346,True,0.0005574136008918984,14,True,0.08065408293623477
4,2.0,low,1272,True,proven_optimal,12,2269,318,763,1908,True,0.00015723270440248793,14,True,0.0340060000307858
4,2.0,high,956,True,proven_optimal,8,2269,239,574,1434,True,0.00041841004184106634,14,True,0.04541249992325902
5,-0.5,low,622,True,proven_optimal,8,2047,156,373,933,True,0.0008038585209003135,33,True,0.14670020795892924
5,-0.5,high,601,True,proven_optimal,7,2047,150,361,902,True,0.0008319467554076532,33,True,0.035635750042274594
5,0.0,low,932,True,proven_optimal,9,2047,233,559,1398,True,0.00021459227467812703,33,True,0.07526966603472829
5,0.0,high,728,True,proven_optimal,7,2047,182,437,1092,True,0.00027472527472527375,33,True,0.04062770900782198
5,0.5,low,932,True,proven_optimal,9,2047,233,559,1398,True,0.00021459227467812703,33,True,0.07389154203701764
5,0.5,high,728,True,proven_optimal,7,2047,182,437,1092,True,0.00027472527472527375,33,True,0.05607758404221386
5,1.0,low,932,True,proven_optimal,9,2047,233,559,1398,True,0.00021459227467812703,33,True,0.054940582951530814
5,1.0,high,728,True,proven_optimal,7,2047,182,437,1092,True,0.00027472527472527375,33,True,0.1273220410803333
5,1.5,low,989,True,proven_optimal,9,2047,247,593,1484,True,0.0005055611729019027,33,True,0.02974045800510794
5,1.5,high,798,True,proven_optimal,7,2047,200,479,1197,True,0.0006265664160400863,33,True,0.023776291985996068
5,2.0,low,1020,True,proven_optimal,9,2047,255,612,1530,True,0.0,33,True,0.0303412500070408
5,2.0,high,798,True,proven_optimal,7,2047,200,479,1197,True,0.0006265664160400863,33,True,0.022142999921925366
6,-0.5,low,1185,True,proven_optimal,9,2728,296,711,1778,True,0.00042194092826997043,44,True,0.01681662502232939
6,-0.5,high,845,True,proven_optimal,6,2728,211,507,1268,True,0.0005917159763313418,44,True,0.08687270805239677
6,0.0,low,1314,True,proven_optimal,10,2728,328,788,1971,True,0.0003805175038051889,44,True,0.01723008300177753
6,0.0,high,1071,True,proven_optimal,7,2728,268,643,1606,True,0.00046685340802987696,44,True,0.03798441600520164
6,0.5,low,1383,True,proven_optimal,10,2728,346,830,2074,True,0.00036153289949392153,44,True,0.020547291031107306
6,0.5,high,1071,True,proven_optimal,7,2728,268,643,1606,True,0.00046685340802987696,44,True,0.02681483398191631
6,1.0,low,1473,True,proven_optimal,10,2728,368,884,2210,True,0.0003394433129666474,44,True,0.01866783306468278
6,1.0,high,1334,True,proven_optimal,8,2728,334,800,2001,True,0.00037481259370314435,44,True,0.033468375098891556
6,1.5,low,1682,True,proven_optimal,10,2728,420,1009,2523,True,0.00029726516052319685,44,True,0.020003499928861856
6,1.5,high,1334,True,proven_optimal,8,2728,334,800,2001,True,0.00037481259370314435,44,True,0.11192937497980893
6,2.0,low,1682,True,proven_optimal,10,2728,420,1009,2523,True,0.00029726516052319685,44,True,0.019026167108677328
6,2.0,high,1496,True,proven_optimal,8,2728,374,898,2244,True,0.0002673796791443639,44,True,0.035657749976962805
7,-0.5,low,645,True,proven_optimal,10,2367,161,387,968,True,0.0007751937984497026,28,True,0.16153416701126844
7,-0.5,high,341,True,proven_optimal,6,2367,85,205,512,True,0.0014662756598240456,28,True,0.028018124983645976
7,0.0,low,1037,True,proven_optimal,11,2367,259,622,1556,True,0.00048216007714563247,28,True,0.09365395898930728
7,0.0,high,435,True,proven_optimal,6,2367,109,261,652,True,0.0011494252873562871,28,True,0.06245149997994304
7,0.5,low,1133,True,proven_optimal,11,2367,283,680,1700,True,0.00044130626654892424,28,True,0.07534137496259063
7,0.5,high,685,True,proven_optimal,6,2367,171,411,1028,True,0.0007299270072993469,28,True,0.06911058304831386
7,1.0,low,1213,True,proven_optimal,10,2367,303,728,1820,True,0.00041220115416318315,28,True,0.04865741601679474
7,1.0,high,949,True,proven_optimal,7,2367,237,569,1424,True,0.0005268703898841931,28,True,0.065804332960397
7,1.5,low,1497,True,proven_optimal,11,2367,374,898,2246,True,0.00033400133600536286,28,True,0.02124979195650667
7,1.5,high,949,True,proven_optimal,7,2367,237,569,1424,True,0.0005268703898841931,28,True,0.09138829202856869
7,2.0,low,1497,True,proven_optimal,11,2367,374,898,2246,True,0.00033400133600536286,28,True,0.016518291900865734
7,2.0,high,1111,True,proven_optimal,8,2367,278,667,1666,True,0.0004500450045004101,28,True,0.050164833082817495
8,-0.5,low,1000,True,proven_optimal,13,1904,250,600,1500,True,0.0,28,True,0.018843499943614006
8,-0.5,high,767,True,proven_optimal,10,1904,192,460,1150,True,0.0006518904823988869,28,True,0.08501950011122972
8,0.0,low,950,True,proven_optimal,12,1904,238,570,1425,True,0.000526315789473708,28,True,0.01813566603232175
8,0.0,high,767,True,proven_optimal,10,1904,192,460,1150,True,0.0006518904823988869,28,True,0.03233454201836139
8,0.5,low,950,True,proven_optimal,12,1904,238,570,1425,True,0.000526315789473708,28,True,0.01828662503976375
8,0.5,high,746,True,proven_optimal,9,1904,186,448,1119,True,0.0006702412868632712,28,True,0.03063445899169892
8,1.0,low,1048,True,proven_optimal,13,1904,262,629,1572,True,0.0001908396946564972,28,True,0.028239290928468108
8,1.0,high,696,True,proven_optimal,8,1904,174,418,1044,True,0.0005747126436781436,28,True,0.027343541965819895
8,1.5,low,1028,True,proven_optimal,12,1904,257,617,1542,True,0.00019455252918287869,28,True,0.03611895896028727
8,1.5,high,696,True,proven_optimal,8,1904,174,418,1044,True,0.0005747126436781436,28,True,0.025008916039951146
8,2.0,low,1067,True,proven_optimal,12,1904,267,640,1600,True,0.0004686035613870043,28,True,0.02528104104567319
8,2.0,high,744,True,proven_optimal,8,1904,186,446,1116,True,0.0005376344086021057,28,True,0.06796991708688438
9,-0.5,low,837,True,proven_optimal,12,2291,209,502,1256,True,0.0005973715651135247,29,True,0.017037417041137815
9,-0.5,high,544,True,proven_optimal,9,2291,136,326,816,True,0.0007352941176470562,29,True,0.0348125419113785
9,0.0,low,887,True,proven_optimal,12,2291,222,532,1330,True,0.0005636978579481866,29,True,0.018025542027316988
9,0.0,high,609,True,proven_optimal,9,2291,152,365,914,True,0.0008210180623973162,29,True,0.035488208988681436
9,0.5,low,1143,True,proven_optimal,12,2291,286,686,1714,True,0.00043744531933498365,29,True,0.018691041972488165
9,0.5,high,659,True,proven_optimal,9,2291,165,395,988,True,0.0007587253414265138,29,True,0.04601712501607835
9,1.0,low,1203,True,proven_optimal,12,2291,301,722,1804,True,0.0004156275976725521,29,True,0.017028832924552262
9,1.0,high,842,True,proven_optimal,8,2291,210,505,1263,True,0.0005938242280285055,29,True,0.03612850001081824
9,1.5,low,1359,True,proven_optimal,12,2291,340,815,2038,True,0.0003679175864605977,29,True,0.01712824997957796
9,1.5,high,1022,True,proven_optimal,8,2291,256,613,1533,True,0.0004892367906066397,29,True,0.05884129100013524
9,2.0,low,1711,True,proven_optimal,14,2291,428,1027,2566,True,0.0002922267679719148,29,True,0.019185957964509726
9,2.0,high,1147,True,proven_optimal,8,2291,287,688,1720,True,0.00043591979075841003,29,True,0.08017866697628051
10,-0.5,low,803,True,proven_optimal,11,2139,201,482,1204,True,0.0006226650062266526,24,True,0.018793541006743908
10,-0.5,high,604,True,proven_optimal,8,2139,151,362,906,True,0.0006622516556291647,24,True,0.05080145807005465
10,0.0,low,998,True,proven_optimal,12,2139,250,599,1497,True,0.0005010020040079888,24,True,0.0983642500359565
10,0.0,high,656,True,proven_optimal,8,2139,164,394,984,True,0.0006097560975609762,24,True,0.04334062500856817
10,0.5,low,1104,True,proven_optimal,10,2139,276,662,1656,True,0.00036231884057968955,24,True,0.0169169579166919
10,0.5,high,830,True,proven_optimal,8,2139,208,498,1245,True,0.0006024096385542355,24,True,0.09231425006873906
10,1.0,low,1104,True,proven_optimal,10,2139,276,662,1656,True,0.00036231884057968955,24,True,0.01624554197769612
10,1.0,high,861,True,proven_optimal,8,2139,215,517,1292,True,0.0005807200929153211,24,True,0.03774941700976342
10,1.5,low,1207,True,proven_optimal,10,2139,302,724,1810,True,0.00041425020712515526,24,True,0.023548000026494265
10,1.5,high,1103,True,proven_optimal,8,2139,276,662,1654,True,0.0004533091568450498,24,True,0.02124529192224145
10,2.0,low,1271,True,proven_optimal,10,2139,318,763,1906,True,0.0003933910306845867,24,True,0.016611540922895074
10,2.0,high,1103,True,proven_optimal,8,2139,276,662,1654,True,0.0004533091568450498,24,True,0.015330291935242712
11,-0.5,low,873,True,proven_optimal,12,2326,218,524,1310,True,0.000572737686139746,28,True,0.016468290938064456
11,-0.5,high,460,True,proven_optimal,8,2326,115,276,690,True,0.0,28,True,0.06020787497982383
11,0.0,low,1109,True,proven_optimal,12,2326,277,665,1664,True,0.00045085662759247747,28,True,0.053491540951654315
11,0.0,high,647,True,proven_optimal,8,2326,162,388,970,True,0.0007727975270479526,28,True,0.048088124953210354
11,0.5,low,1208,True,proven_optimal,11,2326,302,725,1812,True,0.00016556291390734668,28,True,0.024349750019609928
11,0.5,high,831,True,proven_optimal,8,2326,208,499,1246,True,0.0006016847172081174,28,True,0.06082400004379451
11,1.0,low,1253,True,proven_optimal,11,2326,313,752,1880,True,0.0003990422984836428,28,True,0.028543875087052584
11,1.0,high,1043,True,proven_optimal,8,2326,261,626,1564,True,0.0004793863854266611,28,True,0.026074540917761624
11,1.5,low,1273,True,proven_optimal,10,2326,318,764,1910,True,0.0003927729772190691,28,True,0.017416417016647756
11,1.5,high,948,True,proven_optimal,7,2326,237,569,1422,True,0.00021097046413509624,28,True,0.026848291978240013
11,2.0,low,1379,True,proven_optimal,11,2326,345,827,2068,True,0.00036258158085566983,28,True,0.017887957976199687
11,2.0,high,1008,True,proven_optimal,7,2326,252,605,1512,True,0.0001984126984126977,28,True,0.034167875070124865
12,-0.5,low,898,True,proven_optimal,11,2356,224,539,1347,True,0.000556792873051215,39,True,0.017363040940836072
12,-0.5,high,648,True,proven_optimal,8,2356,162,389,972,True,0.00030864197530866555,39,True,0.024562082951888442
12,0.0,low,898,True,proven_optimal,11,2356,224,539,1347,True,0.000556792873051215,39,True,0.017663667094893754
12,0.0,high,648,True,proven_optimal,8,2356,162,389,972,True,0.00030864197530866555,39,True,0.02753466705325991
12,0.5,low,1134,True,proven_optimal,12,2356,284,680,1701,True,0.00044091710758376035,39,True,0.02886058297008276
12,0.5,high,648,True,proven_optimal,8,2356,162,389,972,True,0.00030864197530866555,39,True,0.040369249996729195
12,1.0,low,1134,True,proven_optimal,12,2356,284,680,1701,True,0.00044091710758376035,39,True,0.02134412492159754
12,1.0,high,716,True,proven_optimal,8,2356,179,430,1074,True,0.0005586592178771221,39,True,0.03542558301705867
12,1.5,low,1106,True,proven_optimal,11,2356,276,664,1659,True,0.000452079566003627,39,True,0.02003537502605468
12,1.5,high,866,True,proven_optimal,8,2356,216,520,1299,True,0.000577367205542717,39,True,0.02132741699460894
12,2.0,low,1159,True,proven_optimal,11,2356,290,695,1738,True,0.00043140638481453664,39,True,0.019053958007134497
12,2.0,high,946,True,proven_optimal,8,2356,236,568,1419,True,0.0005285412262156508,39,True,0.0304363330360502
13,-0.5,low,627,True,proven_optimal,10,2131,157,376,940,True,0.0007974481658692412,33,True,0.0251644590171054
13,-0.5,high,489,True,proven_optimal,8,2131,122,293,734,True,0.0010224948875254825,33,True,0.021643458981998265
13,0.0,low,911,True,proven_optimal,11,2131,228,547,1366,True,0.0005488474204171645,33,True,0.022786500048823655
13,0.0,high,489,True,proven_optimal,8,2131,122,293,734,True,0.0010224948875254825,33,True,0.059786333004012704
13,0.5,low,1070,True,proven_optimal,11,2131,268,642,1605,True,0.00046728971962617383,33,True,0.02013166609685868
13,0.5,high,666,True,proven_optimal,7,2131,166,400,999,True,0.0007507507507507616,33,True,0.035388584015890956
13,1.0,low,1070,True,proven_optimal,11,2131,268,642,1605,True,0.00046728971962617383,33,True,0.01842729200143367
13,1.0,high,828,True,proven_optimal,8,2131,207,497,1242,True,0.00024154589371983004,33,True,0.09422712493687868
13,1.5,low,1156,True,proven_optimal,11,2131,289,694,1734,True,0.00034602076124568004,33,True,0.028476332896389067
13,1.5,high,919,True,proven_optimal,8,2131,230,551,1378,True,0.0005440696409140244,33,True,0.03595549997407943
13,2.0,low,1138,True,proven_optimal,10,2131,284,683,1707,True,0.00043936731107205307,33,True,0.03374400001484901
13,2.0,high,803,True,proven_optimal,6,2131,201,482,1204,True,0.0006226650062266526,33,True,0.03406387509312481
14,-0.5,low,801,True,proven_optimal,10,2157,200,481,1202,True,0.0006242197253432114,41,True,0.027194749913178384
14,-0.5,high,596,True,proven_optimal,8,2157,149,358,894,True,0.0006711409395973034,41,True,0.02097133407369256
14,0.0,low,923,True,proven_optimal,11,2157,231,554,1384,True,0.0005417118093173912,41,True,0.018844292033463717
14,0.0,high,737,True,proven_optimal,9,2157,184,442,1106,True,0.0006784260515604323,41,True,0.017711499938741326
14,0.5,low,923,True,proven_optimal,11,2157,231,554,1384,True,0.0005417118093173912,41,True,0.017510458012111485
14,0.5,high,681,True,proven_optimal,8,2157,170,409,1022,True,0.0007342143906019505,41,True,0.017228416982106864
14,1.0,low,1061,True,proven_optimal,11,2157,265,637,1592,True,0.00047125353440158335,41,True,0.017708875006064773
14,1.0,high,839,True,proven_optimal,8,2157,210,503,1258,True,0.0005959475566150729,41,True,0.024615707923658192
14,1.5,low,1061,True,proven_optimal,11,2157,265,637,1592,True,0.00047125353440158335,41,True,0.01683833298739046
14,1.5,high,839,True,proven_optimal,8,2157,210,503,1258,True,0.0005959475566150729,41,True,0.016001082956790924
14,2.0,low,1238,True,proven_optimal,12,2157,310,743,1857,True,0.00040387722132473325,41,True,0.01542499999050051
14,2.0,high,781,True,proven_optimal,7,2157,195,469,1172,True,0.000640204865556937,41,True,0.016940208966843784
15,-0.5,low,999,True,proven_optimal,11,2141,250,599,1498,True,0.0005005005005005447,33,True,0.016660040942952037
15,-0.5,high,718,True,proven_optimal,9,2141,180,431,1077,True,0.0006963788300835549,33,True,0.027154500014148653
15,0.0,low,950,True,proven_optimal,10,2141,238,570,1425,True,0.000526315789473708,33,True,0.017908709007315338
15,0.0,high,890,True,proven_optimal,9,2141,222,534,1335,True,0.0005617977528089846,33,True,0.018653915962204337
15,0.5,low,1161,True,proven_optimal,11,2141,290,697,1742,True,0.00043066322136087187,33,True,0.018001458956860006
15,0.5,high,959,True,proven_optimal,9,2141,240,575,1438,True,0.0005213764337852478,33,True,0.02966866595670581
15,1.0,low,1161,True,proven_optimal,11,2141,290,697,1742,True,0.00043066322136087187,33,True,0.019404415972530842
15,1.0,high,1004,True,proven_optimal,9,2141,251,602,1506,True,0.00039840637450194727,33,True,0.12567712494637817
15,1.5,low,1212,True,proven_optimal,11,2141,303,727,1818,True,0.00016501650165012816,33,True,0.0388316250173375
15,1.5,high,1066,True,proven_optimal,9,2141,266,640,1599,True,0.00046904315196999447,33,True,0.052263707970269024
15,2.0,low,1417,True,proven_optimal,12,2141,354,850,2126,True,0.0003528581510232609,33,True,0.09887274994980544
15,2.0,high,1142,True,proven_optimal,9,2141,286,685,1713,True,0.0004378283712784814,33,True,0.04238570900633931
16,-0.5,low,1019,True,proven_optimal,11,2191,255,611,1528,True,0.0004906771344455052,34,True,0.04753687500488013
16,-0.5,high,505,True,proven_optimal,5,2191,126,303,758,True,0.000990099009900991,34,True,0.11256224999669939
16,0.0,low,1019,True,proven_optimal,11,2191,255,611,1528,True,0.0004906771344455052,34,True,0.16842666699085385
16,0.0,high,667,True,proven_optimal,6,2191,167,400,1000,True,0.0007496251874063997,34,True,0.09467708307784051
16,0.5,low,1041,True,proven_optimal,10,2191,260,625,1562,True,0.0004803073967338811,34,True,0.041751167038455606
16,0.5,high,629,True,proven_optimal,5,2191,157,377,944,True,0.0007949125596184992,34,True,0.06412825000006706
16,1.0,low,1082,True,proven_optimal,10,2191,270,649,1623,True,0.00046210720887246426,34,True,0.041413749917410314
16,1.0,high,729,True,proven_optimal,6,2191,182,437,1094,True,0.000685871056241405,34,True,0.04950120905414224
16,1.5,low,1132,True,proven_optimal,11,2191,283,679,1698,True,0.00017667844522961662,34,True,0.0822759170550853
16,1.5,high,762,True,proven_optimal,6,2191,190,457,1143,True,0.0006561679790026143,34,True,0.04595800000242889
16,2.0,low,1236,True,proven_optimal,11,2191,309,742,1854,True,0.00032362459546930733,34,True,0.08510566700715572
16,2.0,high,762,True,proven_optimal,6,2191,190,457,1143,True,0.0006561679790026143,34,True,0.10004625003784895
17,-0.5,low,1086,True,proven_optimal,9,2681,272,652,1629,True,0.0004604051565377798,31,True,0.016569375060498714
17,-0.5,high,870,True,proven_optimal,7,2681,218,522,1305,True,0.0005747126436781436,31,True,0.06894370901864022
17,0.0,low,1086,True,proven_optimal,9,2681,272,652,1629,True,0.0004604051565377798,31,True,0.017002583015710115
17,0.0,high,870,True,proven_optimal,7,2681,218,522,1305,True,0.0005747126436781436,31,True,0.03355979104526341
17,0.5,low,1086,True,proven_optimal,9,2681,272,652,1629,True,0.0004604051565377798,31,True,0.01723504194524139
17,0.5,high,1033,True,proven_optimal,6,2681,258,620,1550,True,0.0004840271055179812,31,True,0.033049499965272844
17,1.0,low,1470,True,proven_optimal,10,2681,368,882,2205,True,0.0003401360544217913,31,True,0.017367207910865545
17,1.0,high,1051,True,proven_optimal,6,2681,263,631,1576,True,0.0004757373929591413,31,True,0.0309482499724254
17,1.5,low,1470,True,proven_optimal,10,2681,368,882,2205,True,0.0003401360544217913,31,True,0.01762337505351752
17,1.5,high,1197,True,proven_optimal,7,2681,299,718,1796,True,0.0004177109440266502,31,True,0.026052791043184698
17,2.0,low,1470,True,proven_optimal,10,2681,368,882,2205,True,0.0003401360544217913,31,True,0.027727499953471124
17,2.0,high,1335,True,proven_optimal,8,2681,334,801,2002,True,0.0003745318352059712,31,True,0.02769170794636011
18,-0.5,low,630,True,proven_optimal,11,2033,158,378,945,True,0.0007936507936507908,42,True,0.016156124998815358
18,-0.5,high,462,True,proven_optimal,8,2033,116,277,693,True,0.0010822510822510734,42,True,0.01646349998190999
18,0.0,low,630,True,proven_optimal,11,2033,158,378,945,True,0.0007936507936507908,42,True,0.015592708019539714
18,0.0,high,419,True,proven_optimal,7,2033,105,251,628,True,0.0011933174224343368,42,True,0.03811762493569404
18,0.5,low,910,True,proven_optimal,12,2033,228,546,1365,True,0.0005494505494505475,42,True,0.03115291695576161
18,0.5,high,362,True,proven_optimal,6,2033,90,217,543,True,0.0013812154696132561,42,True,0.03204004198778421
18,1.0,low,957,True,proven_optimal,11,2033,239,574,1436,True,0.0005224660397074032,42,True,0.016018541995435953
18,1.0,high,452,True,proven_optimal,6,2033,113,271,678,True,0.0004424778761061843,42,True,0.038230333011597395
18,1.5,low,957,True,proven_optimal,11,2033,239,574,1436,True,0.0005224660397074032,42,True,0.015600625076331198
18,1.5,high,615,True,proven_optimal,7,2033,154,369,922,True,0.0008130081300812275,42,True,0.06873487506527454
18,2.0,low,1103,True,proven_optimal,11,2033,276,662,1654,True,0.0004533091568450498,42,True,0.04620870796497911
18,2.0,high,886,True,proven_optimal,8,2033,222,532,1329,True,0.0005643340857787726,42,True,0.08657208294607699
19,-0.5,low,770,True,proven_optimal,11,1964,192,462,1155,True,0.0006493506493506496,25,True,0.017901625018566847
19,-0.5,high,610,True,proven_optimal,9,1964,152,366,915,True,0.0008196721311475308,25,True,0.016774708055891097
19,0.0,low,947,True,proven_optimal,12,1964,237,568,1420,True,0.000527983104540608,25,True,0.0163735409732908
19,0.0,high,610,True,proven_optimal,9,1964,152,366,915,True,0.0008196721311475308,25,True,0.016555167036131024
19,0.5,low,947,True,proven_optimal,12,1964,237,568,1420,True,0.000527983104540608,25,True,0.016353874932974577
19,0.5,high,610,True,proven_optimal,9,1964,152,366,915,True,0.0008196721311475308,25,True,0.016650290926918387
19,1.0,low,922,True,proven_optimal,11,1964,230,553,1383,True,0.0005422993492407713,25,True,0.02280824992340058
19,1.0,high,927,True,proven_optimal,9,1964,232,556,1390,True,0.0005393743257819938,25,True,0.026033040951006114
19,1.5,low,1067,True,proven_optimal,10,1964,267,640,1600,True,0.0004686035613870043,25,True,0.016155750025063753
19,1.5,high,1014,True,proven_optimal,9,1964,254,608,1521,True,0.0004930966469428033,25,True,0.016395459068007767
19,2.0,low,1126,True,proven_optimal,10,1964,282,676,1689,True,0.000444049733570151,25,True,0.015857292106375098
19,2.0,high,929,True,proven_optimal,7,1964,232,557,1394,True,0.0005382131324003225,25,True,0.015987333026714623
20,-0.5,low,504,True,proven_optimal,9,1830,126,302,756,True,0.0007936507936507908,24,True,0.0235896660014987
20,-0.5,high,389,True,proven_optimal,6,1830,97,233,584,True,0.0012853470437017567,24,True,0.025230915984138846
20,0.0,low,575,True,proven_optimal,8,1830,144,345,862,True,0.0008695652173913437,24,True,0.015547291957773268
20,0.0,high,389,True,proven_optimal,6,1830,97,233,584,True,0.0012853470437017567,24,True,0.04275670903734863
20,0.5,low,575,True,proven_optimal,8,1830,144,345,862,True,0.0008695652173913437,24,True,0.02905629202723503
20,0.5,high,343,True,proven_optimal,5,1830,86,206,514,True,0.001457725947521915,24,True,0.02741837501525879
20,1.0,low,575,True,proven_optimal,8,1830,144,345,862,True,0.0008695652173913437,24,True,0.037950375000946224
20,1.0,high,343,True,proven_optimal,5,1830,86,206,514,True,0.001457725947521915,24,True,0.07860012503806502
20,1.5,low,802,True,proven_optimal,9,1830,200,481,1203,True,0.0006234413965087171,24,True,0.11159812496043742
20,1.5,high,444,True,proven_optimal,5,1830,111,266,666,True,0.0009009009009008917,24,True,0.056618041009642184
20,2.0,low,937,True,proven_optimal,9,1830,234,562,1406,True,0.0005336179295625243,24,True,0.1327957499306649
20,2.0,high,543,True,proven_optimal,5,1830,136,326,814,True,0.0009208103130755596,24,True,0.05942750000394881
21,-0.5,low,972,True,proven_optimal,9,2950,243,583,1458,True,0.0002057613168724437,47,True,0.0446534170769155
21,-0.5,high,539,True,proven_optimal,6,2950,135,323,808,True,0.0009276437847867136,47,True,0.03998962510377169
21,0.0,low,1155,True,proven_optimal,10,2950,289,693,1732,True,0.00043290043290045155,47,True,0.016344667063094676
21,0.0,high,903,True,proven_optimal,7,2950,226,542,1354,True,0.0005537098560355336,47,True,0.024737374973483384
21,0.5,low,1257,True,proven_optimal,11,2950,314,754,1886,True,0.00039777247414485295,47,True,0.024094250053167343
21,0.5,high,903,True,proven_optimal,7,2950,226,542,1354,True,0.0005537098560355336,47,True,0.01536916708573699
21,1.0,low,1416,True,proven_optimal,11,2950,354,850,2124,True,0.00028248587570622874,47,True,0.0151057920884341
21,1.0,high,903,True,proven_optimal,7,2950,226,542,1354,True,0.0005537098560355336,47,True,0.04129187494982034
21,1.5,low,1416,True,proven_optimal,11,2950,354,850,2124,True,0.00028248587570622874,47,True,0.016202582977712154
21,1.5,high,1152,True,proven_optimal,8,2950,288,691,1728,True,0.00017361111111113825,47,True,0.07178608304820955
21,2.0,low,1877,True,proven_optimal,12,2950,469,1126,2816,True,0.0002663825253064189,47,True,0.14759412501007318
21,2.0,high,1612,True,proven_optimal,9,2950,403,967,2418,True,0.0001240694789081953,47,True,0.045722250011749566
22,-0.5,low,862,True,proven_optimal,12,1971,216,517,1293,True,0.0005800464037122866,22,True,0.01557824993506074
22,-0.5,high,527,True,proven_optimal,8,1971,132,316,790,True,0.000948766603415585,22,True,0.026184750022366643
22,0.0,low,817,True,proven_optimal,11,1971,204,490,1226,True,0.000611995104039087,22,True,0.01578037498984486
22,0.0,high,710,True,proven_optimal,8,1971,178,426,1065,True,0.0007042253521126751,22,True,0.05185054207686335
22,0.5,low,955,True,proven_optimal,10,1971,239,573,1432,True,0.0005235602094240122,22,True,0.02196512499358505
22,0.5,high,710,True,proven_optimal,8,1971,178,426,1065,True,0.0007042253521126751,22,True,0.01562983391340822
22,1.0,low,900,True,proven_optimal,9,1971,225,540,1350,True,0.0,22,True,0.015447292011231184
22,1.0,high,748,True,proven_optimal,8,1971,187,449,1122,True,0.0002673796791443639,22,True,0.016079708002507687
22,1.5,low,1077,True,proven_optimal,10,1971,269,646,1616,True,0.00046425255338911064,22,True,0.024613291956484318
22,1.5,high,796,True,proven_optimal,7,1971,199,478,1194,True,0.0005025125628140836,22,True,0.027714582975022495
22,2.0,low,1179,True,proven_optimal,10,1971,295,707,1768,True,0.00042408821034767286,22,True,0.015283416956663132
22,2.0,high,740,True,proven_optimal,6,1971,185,444,1110,True,0.0,22,True,0.028834542026743293
23,-0.5,low,902,True,proven_optimal,11,2169,226,541,1353,True,0.0005543237250554278,32,True,0.016059916000813246
23,-0.5,high,698,True,proven_optimal,8,2169,174,419,1047,True,0.0007163323782234943,32,True,0.02942216699011624
23,0.0,low,902,True,proven_optimal,11,2169,226,541,1353,True,0.0005543237250554278,32,True,0.03623675007838756
23,0.0,high,665,True,proven_optimal,7,2169,166,399,998,True,0.0007518796992480592,32,True,0.026378417038358748
23,0.5,low,1181,True,proven_optimal,11,2169,295,709,1772,True,0.00042337002540215884,32,True,0.03380266600288451
23,0.5,high,944,True,proven_optimal,8,2169,236,566,1416,True,0.0004237288135593431,32,True,0.02341025008354336
23,1.0,low,1256,True,proven_optimal,11,2169,314,754,1884,True,0.0003184713375796733,32,True,0.05456791596952826
23,1.0,high,876,True,proven_optimal,6,2169,219,526,1314,True,0.0004566210045662267,32,True,0.02313729200977832
23,1.5,low,1323,True,proven_optimal,11,2169,331,794,1984,True,0.00037792894935750887,32,True,0.015860875020734966
23,1.5,high,970,True,proven_optimal,6,2169,242,582,1455,True,0.0005154639175257714,32,True,0.023642582935281098
23,2.0,low,1429,True,proven_optimal,11,2169,357,857,2144,True,0.0003498950314906324,32,True,0.016392749967053533
23,2.0,high,970,True,proven_optimal,6,2169,242,582,1455,True,0.0005154639175257714,32,True,0.015819124993868172
24,-0.5,low,911,True,proven_optimal,10,2254,228,547,1366,True,0.0005488474204171645,38,True,0.015417666989378631
24,-0.5,high,562,True,proven_optimal,6,2254,140,337,843,True,0.0008896797153024882,38,True,0.027605082956142724
24,0.0,low,911,True,proven_optimal,10,2254,228,547,1366,True,0.0005488474204171645,38,True,0.017224500072188675
24,0.0,high,653,True,proven_optimal,6,2254,163,392,980,True,0.0007656967840734552,38,True,0.026957791997119784
24,0.5,low,1025,True,proven_optimal,10,2254,256,615,1538,True,0.0004878048780487809,38,True,0.01681275002192706
24,0.5,high,798,True,proven_optimal,7,2254,200,479,1197,True,0.0006265664160400863,38,True,0.0343817500397563
24,1.0,low,976,True,proven_optimal,9,2254,244,586,1464,True,0.0004098360655737654,38,True,0.016716082929633558
24,1.0,high,798,True,proven_optimal,7,2254,200,479,1197,True,0.0006265664160400863,38,True,0.01611104200128466
24,1.5,low,1128,True,proven_optimal,9,2254,282,677,1692,True,0.00017730496453904898,38,True,0.015398874995298684
24,1.5,high,917,True,proven_optimal,8,2254,229,550,1376,True,0.0005452562704471031,38,True,0.026227375026792288
24,2.0,low,1128,True,proven_optimal,9,2254,282,677,1692,True,0.00017730496453904898,38,True,0.015439457958564162
24,2.0,high,1055,True,proven_optimal,8,2254,264,633,1582,True,0.00047393364928915993,38,True,0.023945249966345727
25,-0.5,low,632,True,proven_optimal,10,2099,158,379,948,True,0.00031645569620253333,31,True,0.01557374990079552
25,-0.5,high,366,True,proven_optimal,6,2099,92,220,549,True,0.0013661202185792365,31,True,0.022556500043720007
25,0.0,low,632,True,proven_optimal,10,2099,158,379,948,True,0.00031645569620253333,31,True,0.015936334035359323
25,0.0,high,366,True,proven_optimal,6,2099,92,220,549,True,0.0013661202185792365,31,True,0.02112824993673712
25,0.5,low,758,True,proven_optimal,11,2099,190,455,1137,True,0.0006596306068601399,31,True,0.015436167013831437
25,0.5,high,321,True,proven_optimal,5,2099,80,193,482,True,0.0015576323987538387,31,True,0.020451958058401942
25,1.0,low,718,True,proven_optimal,10,2099,180,431,1077,True,0.0006963788300835549,31,True,0.015868125017732382
25,1.0,high,447,True,proven_optimal,6,2099,112,268,670,True,0.0011185682326622093,31,True,0.023011374985799193
25,1.5,low,695,True,proven_optimal,9,2099,174,417,1042,True,0.0007194244604316058,31,True,0.01584254193585366
25,1.5,high,447,True,proven_optimal,6,2099,112,268,670,True,0.0011185682326622093,31,True,0.027808333979919553
25,2.0,low,1068,True,proven_optimal,10,2099,267,641,1602,True,0.0001872659176029856,31,True,0.08052112499717623
25,2.0,high,663,True,proven_optimal,5,2099,166,398,994,True,0.0007541478129713397,31,True,0.04594679200090468
26,-0.5,low,877,True,proven_optimal,12,2300,219,526,1316,True,0.0005701254275940482,29,True,0.03617504192516208
26,-0.5,high,775,True,proven_optimal,9,2300,194,465,1162,True,0.00064516129032266,29,True,0.031268415972590446
26,0.0,low,1261,True,proven_optimal,13,2300,315,757,1892,True,0.0003965107057890549,29,True,0.025168583961203694
26,0.0,high,843,True,proven_optimal,9,2300,211,506,1264,True,0.0005931198102016033,29,True,0.027088791015557945
26,0.5,low,1291,True,proven_optimal,13,2300,323,775,1936,True,0.0003872966692486379,29,True,0.015955333947204053
26,0.5,high,957,True,proven_optimal,9,2300,239,574,1436,True,0.0005224660397074032,29,True,0.027867292053997517
26,1.0,low,1214,True,proven_optimal,11,2300,304,728,1821,True,0.0004118616144975218,29,True,0.015579290920868516
26,1.0,high,1157,True,proven_optimal,10,2300,289,694,1736,True,0.0004321521175454368,29,True,0.024301374913193285
26,1.5,low,1157,True,proven_optimal,10,2300,289,694,1736,True,0.0004321521175454368,29,True,0.015464792028069496
26,1.5,high,1157,True,proven_optimal,10,2300,289,694,1736,True,0.0004321521175454368,29,True,0.015850250027142465
26,2.0,low,1431,True,proven_optimal,11,2300,358,859,2146,True,0.00034940600978328185,29,True,0.017464625067077577
26,2.0,high,1351,True,proven_optimal,10,2300,338,811,2026,True,0.0003700962250186013,29,True,0.016411249991506338
27,-0.5,low,746,True,proven_optimal,11,2378,186,448,1119,True,0.0006702412868632712,29,True,0.03524849994573742
27,-0.5,high,578,True,proven_optimal,9,2378,144,347,867,True,0.0008650519031142001,29,True,0.05282479093875736
27,0.0,low,1130,True,proven_optimal,12,2378,282,678,1695,True,0.0004424778761061843,29,True,0.1178352499846369
27,0.0,high,496,True,proven_optimal,7,2378,124,298,744,True,0.0008064516129032695,29,True,0.06984245800413191
27,0.5,low,1099,True,proven_optimal,11,2378,275,659,1648,True,0.00045495905368508893,29,True,0.034217208973132074
27,0.5,high,802,True,proven_optimal,7,2378,200,481,1203,True,0.0006234413965087171,29,True,0.06440141703933477
27,1.0,low,1148,True,proven_optimal,10,2378,287,689,1722,True,0.00017421602787459634,29,True,0.01655041694175452
27,1.0,high,895,True,proven_optimal,7,2378,224,537,1342,True,0.0005586592178770111,29,True,0.06750733393710107
27,1.5,low,1148,True,proven_optimal,10,2378,287,689,1722,True,0.00017421602787459634,29,True,0.016146374982781708
27,1.5,high,895,True,proven_optimal,7,2378,224,537,1342,True,0.0005586592178770111,29,True,0.0778122500050813
27,2.0,low,1595,True,proven_optimal,12,2378,399,957,2392,True,0.00031347962382444194,29,True,0.016452374984510243
27,2.0,high,1028,True,proven_optimal,8,2378,257,617,1542,True,0.00019455252918287869,29,True,0.07577287498861551
28,-0.5,low,1143,True,proven_optimal,12,2518,286,686,1714,True,0.00043744531933498365,25,True,0.016568084014579654
28,-0.5,high,628,True,proven_optimal,8,2518,157,377,942,True,0.0003184713375796733,25,True,0.022536958917044103
28,0.0,low,1216,True,proven_optimal,12,2518,304,730,1824,True,0.0003289473684210398,25,True,0.015624667052179575
28,0.0,high,791,True,proven_optimal,9,2518,198,475,1186,True,0.0006321112515803584,25,True,0.06014591595157981
28,0.5,low,1546,True,proven_optimal,13,2518,386,928,2319,True,0.0003234152652005218,25,True,0.015828707953915
28,0.5,high,1042,True,proven_optimal,9,2518,260,625,1563,True,0.0004798464491362897,25,True,0.028787250048480928
28,1.0,low,1581,True,proven_optimal,13,2518,395,949,2372,True,0.00031625553447178767,25,True,0.015844790963456035
28,1.0,high,1042,True,proven_optimal,9,2518,260,625,1563,True,0.0004798464491362897,25,True,0.027589165954850614
28,1.5,low,1677,True,proven_optimal,13,2518,419,1006,2516,True,0.00029815146094214207,25,True,0.015879208920523524
28,1.5,high,1174,True,proven_optimal,9,2518,294,704,1761,True,0.0004258943781941804,25,True,0.032284250017255545
28,2.0,low,1677,True,proven_optimal,13,2518,419,1006,2516,True,0.00029815146094214207,25,True,0.016221457975916564
28,2.0,high,1364,True,proven_optimal,9,2518,341,818,2046,True,0.0002932551319647647,25,True,0.02497312508057803
29,-0.5,low,710,True,proven_optimal,11,1960,178,426,1065,True,0.0007042253521126751,36,True,0.01583958393894136
29,-0.5,high,479,True,proven_optimal,8,1960,120,287,718,True,0.0010438413361169019,36,True,0.03038291702978313
29,0.0,low,839,True,proven_optimal,12,1960,210,503,1258,True,0.0005959475566150729,36,True,0.01762879197485745
29,0.0,high,622,True,proven_optimal,8,1960,156,373,933,True,0.0008038585209003135,36,True,0.039953124942258
29,0.5,low,1050,True,proven_optimal,12,1960,262,630,1575,True,0.0004761904761904634,36,True,0.05808645801153034
29,0.5,high,700,True,proven_optimal,8,1960,175,420,1050,True,0.0,36,True,0.039665042073465884
29,1.0,low,1146,True,proven_optimal,12,1960,286,688,1719,True,0.00043630017452006564,36,True,0.03136483300477266
29,1.0,high,793,True,proven_optimal,8,1960,198,476,1190,True,0.0006305170239595537,36,True,0.043087083962745965
29,1.5,low,1244,True,proven_optimal,12,1960,311,746,1866,True,0.0003215434083601032,36,True,0.01643170800525695
29,1.5,high,864,True,proven_optimal,8,1960,216,518,1296,True,0.0004629629629628873,36,True,0.027031917008571327
29,2.0,low,1186,True,proven_optimal,11,1960,296,712,1779,True,0.0004215851602023535,36,True,0.015811958932317793
29,2.0,high,960,True,proven_optimal,8,1960,240,576,1440,True,0.0,36,True,0.029206500039435923
30,-0.5,low,1254,True,proven_optimal,13,2108,314,752,1881,True,0.0003987240829346206,30,True,0.017085083993151784
30,-0.5,high,1034,True,proven_optimal,10,2108,258,620,1551,True,0.00048355899419730286,30,True,0.02653637493494898
30,0.0,low,1254,True,proven_optimal,13,2108,314,752,1881,True,0.0003987240829346206,30,True,0.01644324988592416
30,0.0,high,1034,True,proven_optimal,10,2108,258,620,1551,True,0.00048355899419730286,30,True,0.015961874974891543
30,0.5,low,1210,True,proven_optimal,12,2108,302,726,1815,True,0.0004132231404958553,30,True,0.016372625017538667
30,0.5,high,1034,True,proven_optimal,10,2108,258,620,1551,True,0.00048355899419730286,30,True,0.016027707955799997
30,1.0,low,1342,True,proven_optimal,13,2108,336,805,2013,True,0.00037257824143072105,30,True,0.015873875003308058
30,1.0,high,1034,True,proven_optimal,10,2108,258,620,1551,True,0.00048355899419730286,30,True,0.05067516700364649
30,1.5,low,1265,True,proven_optimal,12,2108,316,759,1898,True,0.00039525691699604515,30,True,0.016470667091198266
30,1.5,high,1093,True,proven_optimal,10,2108,273,656,1640,True,0.00045745654162865357,30,True,0.035893292049877346
30,2.0,low,1362,True,proven_optimal,12,2108,340,817,2043,True,0.00036710719530103075,30,True,0.016947874915786088
30,2.0,high,1170,True,proven_optimal,10,2108,292,702,1755,True,0.00042735042735042583,30,True,0.026487333001568913
31,-0.5,low,727,True,proven_optimal,10,1910,182,436,1090,True,0.0006877579092159358,28,True,0.024900624994188547
31,-0.5,high,440,True,proven_optimal,7,1910,110,264,660,True,0.0,28,True,0.028738291934132576
31,0.0,low,690,True,proven_optimal,9,1910,172,414,1035,True,0.0007246376811594069,28,True,0.016637834021821618
31,0.0,high,645,True,proven_optimal,8,1910,161,387,968,True,0.0007751937984497026,28,True,0.03563054103869945
31,0.5,low,690,True,proven_optimal,9,1910,172,414,1035,True,0.0007246376811594069,28,True,0.016111791948787868
31,0.5,high,645,True,proven_optimal,8,1910,161,387,968,True,0.0007751937984497026,28,True,0.015227125026285648
31,1.0,low,690,True,proven_optimal,9,1910,172,414,1035,True,0.0007246376811594069,28,True,0.015006958041340113
31,1.0,high,645,True,proven_optimal,8,1910,161,387,968,True,0.0007751937984497026,28,True,0.014888999983668327
31,1.5,low,784,True,proven_optimal,9,1910,196,470,1176,True,0.0005102040816326037,28,True,0.015132832922972739
31,1.5,high,717,True,proven_optimal,8,1910,179,430,1076,True,0.0006973500697349255,28,True,0.024647959042340517
31,2.0,low,849,True,proven_optimal,9,1910,212,509,1274,True,0.0005889281507656108,28,True,0.06199662503786385
31,2.0,high,739,True,proven_optimal,7,1910,185,443,1108,True,0.0006765899864682456,28,True,0.01632870896719396
32,-0.5,low,825,True,proven_optimal,10,2222,206,495,1238,True,0.0006060606060604989,40,True,0.030871624941937625
32,-0.5,high,529,True,proven_optimal,7,2222,132,317,794,True,0.000945179584120881,40,True,0.015802416019141674
32,0.0,low,1022,True,proven_optimal,12,2222,256,613,1533,True,0.0004892367906066397,40,True,0.01606270798947662
32,0.0,high,529,True,proven_optimal,7,2222,132,317,794,True,0.000945179584120881,40,True,0.05597416707314551
32,0.5,low,1076,True,proven_optimal,12,2222,269,646,1614,True,0.0003717472118959231,40,True,0.02587883302476257
32,0.5,high,661,True,proven_optimal,8,2222,165,397,992,True,0.0007564296520423675,40,True,0.0637390409829095
32,1.0,low,1444,True,proven_optimal,14,2222,361,866,2166,True,0.0002770083102492382,40,True,0.025900250067934394
32,1.0,high,719,True,proven_optimal,7,2222,180,431,1078,True,0.0006954102920724292,40,True,0.06995841593015939
32,1.5,low,1444,True,proven_optimal,14,2222,361,866,2166,True,0.0002770083102492382,40,True,0.016209374996833503
32,1.5,high,992,True,proven_optimal,8,2222,248,595,1488,True,0.0002016129032257341,40,True,0.050523166079074144
32,2.0,low,1390,True,proven_optimal,13,2222,348,834,2085,True,0.0003597122302158029,40,True,0.01620825007557869
32,2.0,high,1049,True,proven_optimal,8,2222,262,629,1574,True,0.0004766444232602307,40,True,0.02512145892251283
33,-0.5,low,844,True,proven_optimal,12,1781,211,506,1266,True,0.0004739336492890489,30,True,0.01633662497624755
33,-0.5,high,672,True,proven_optimal,9,1781,168,403,1008,True,0.00029761904761904656,30,True,0.015513124992139637
33,0.0,low,796,True,proven_optimal,11,1781,199,478,1194,True,0.0005025125628140836,30,True,0.01598350005224347
33,0.0,high,672,True,proven_optimal,9,1781,168,403,1008,True,0.00029761904761904656,30,True,0.016511833062395453
33,0.5,low,796,True,proven_optimal,11,1781,199,478,1194,True,0.0005025125628140836,30,True,0.015970999957062304
33,0.5,high,672,True,proven_optimal,9,1781,168,403,1008,True,0.00029761904761904656,30,True,0.016643790993839502
33,1.0,low,796,True,proven_optimal,11,1781,199,478,1194,True,0.0005025125628140836,30,True,0.015023000072687864
33,1.0,high,698,True,proven_optimal,8,1781,174,419,1047,True,0.0007163323782234943,30,True,0.01612854201812297
33,1.5,low,834,True,proven_optimal,10,1781,208,500,1251,True,0.0005995203836930418,30,True,0.01591087505221367
33,1.5,high,683,True,proven_optimal,7,1781,171,410,1024,True,0.0007320644216690653,30,True,0.016146625042892992
33,2.0,low,716,True,proven_optimal,8,1781,179,430,1074,True,0.0005586592178771221,30,True,0.016013417043723166
33,2.0,high,683,True,proven_optimal,7,1781,171,410,1024,True,0.0007320644216690653,30,True,0.1788411249872297
34,-0.5,low,973,True,proven_optimal,12,2149,243,584,1460,True,0.0005138746145940676,24,True,0.09852949995547533
34,-0.5,high,451,True,proven_optimal,6,2149,113,271,676,True,0.0011086474501109667,24,True,0.02913054102100432
34,0.0,low,927,True,proven_optimal,11,2149,232,556,1390,True,0.0005393743257819938,24,True,0.0433521670056507
34,0.0,high,536,True,proven_optimal,6,2149,134,322,804,True,0.0007462686567164534,24,True,0.02866904204711318
34,0.5,low,1081,True,proven_optimal,12,2149,270,649,1622,True,0.00046253469010171244,24,True,0.03639224998187274
34,0.5,high,813,True,proven_optimal,8,2149,203,488,1220,True,0.0006150061500616033,24,True,0.05191504198592156
34,1.0,low,1018,True,proven_optimal,11,2149,254,611,1527,True,0.0004911591355599154,24,True,0.016093874932266772
34,1.0,high,813,True,proven_optimal,8,2149,203,488,1220,True,0.0006150061500616033,24,True,0.1005909169325605
34,1.5,low,1111,True,proven_optimal,10,2149,278,667,1666,True,0.0004500450045004101,24,True,0.027625959017314017
34,1.5,high,775,True,proven_optimal,7,2149,194,465,1162,True,0.00064516129032266,24,True,0.024049250059761107
34,2.0,low,1206,True,proven_optimal,11,2149,302,724,1809,True,0.0004145936981758136,24,True,0.015739833004772663
34,2.0,high,988,True,proven_optimal,8,2149,247,593,1482,True,0.00020242914979762272,24,True,0.016428375034593046
35,-0.5,low,1066,True,proven_optimal,12,2080,266,640,1599,True,0.00046904315196999447,27,True,0.08341774996370077
35,-0.5,high,648,True,proven_optimal,7,2080,162,389,972,True,0.00030864197530866555,27,True,0.08395274996291846
35,0.0,low,998,True,proven_optimal,10,2080,250,599,1497,True,0.0005010020040079888,27,True,0.015877833007834852
35,0.0,high,733,True,proven_optimal,7,2080,183,440,1100,True,0.0006821282401090478,27,True,0.07093458296731114
35,0.5,low,1096,True,proven_optimal,11,2080,274,658,1644,True,0.00036496350364967345,27,True,0.015783875016495585
35,0.5,high,784,True,proven_optimal,7,2080,196,470,1176,True,0.0005102040816326037,27,True,0.039784374996088445
35,1.0,low,1096,True,proven_optimal,11,2080,274,658,1644,True,0.00036496350364967345,27,True,0.016236540977843106
35,1.0,high,784,True,proven_optimal,7,2080,196,470,1176,True,0.0005102040816326037,27,True,0.07030270807445049
35,1.5,low,1113,True,proven_optimal,11,2080,278,668,1670,True,0.0004492362982928544,27,True,0.01656150002963841
35,1.5,high,890,True,proven_optimal,8,2080,222,534,1335,True,0.0005617977528089846,27,True,0.1145510000642389
35,2.0,low,1049,True,proven_optimal,10,2080,262,629,1574,True,0.0004766444232602307,27,True,0.017912209033966064
35,2.0,high,890,True,proven_optimal,8,2080,222,534,1335,True,0.0005617977528089846,27,True,0.30851020803675056
36,-0.5,low,1129,True,proven_optimal,11,2827,282,677,1694,True,0.0004428697962799433,28,True,0.016042042057961226
36,-0.5,high,415,True,proven_optimal,5,2827,104,249,622,True,0.00120481927710836,28,True,0.16491375002078712
36,0.0,low,1084,True,proven_optimal,10,2827,271,650,1626,True,0.00036900369003689537,28,True,0.01633608399424702
36,0.0,high,843,True,proven_optimal,8,2827,211,506,1264,True,0.0005931198102016033,28,True,0.1330142499646172
36,0.5,low,1084,True,proven_optimal,10,2827,271,650,1626,True,0.00036900369003689537,28,True,0.016015709028579295
36,0.5,high,1110,True,proven_optimal,8,2827,278,666,1665,True,0.00045045045045044585,28,True,0.04018987494055182
36,1.0,low,1514,True,proven_optimal,11,2827,378,908,2271,True,0.0003302509907529838,28,True,0.016370833036489785
36,1.0,high,1272,True,proven_optimal,9,2827,318,763,1908,True,0.00015723270440248793,28,True,0.039720874978229403
36,1.5,low,1514,True,proven_optimal,11,2827,378,908,2271,True,0.0003302509907529838,28,True,0.015843500033952296
36,1.5,high,1272,True,proven_optimal,9,2827,318,763,1908,True,0.00015723270440248793,28,True,0.01641841698437929
36,2.0,low,1802,True,proven_optimal,11,2827,450,1081,2703,True,0.0002774694783573839,28,True,0.016526958090253174
36,2.0,high,1521,True,proven_optimal,9,2827,380,913,2282,True,0.00032873109796183186,28,True,0.030368125066161156
37,-0.5,low,711,True,proven_optimal,11,2057,178,427,1066,True,0.0007032348804500987,32,True,0.02569479204248637
37,-0.5,high,387,True,proven_optimal,7,2057,97,232,580,True,0.0012919896640826156,32,True,0.0227429160149768
37,0.0,low,696,True,proven_optimal,10,2057,174,418,1044,True,0.0005747126436781436,32,True,0.029335916973650455
37,0.0,high,475,True,proven_optimal,7,2057,119,285,712,True,0.001052631578947416,32,True,0.022921624942682683
37,0.5,low,795,True,proven_optimal,9,2057,199,477,1192,True,0.0006289308176101738,32,True,0.015420999960042536
37,0.5,high,521,True,proven_optimal,6,2057,130,313,782,True,0.0009596928982724684,32,True,0.026826749905012548
37,1.0,low,795,True,proven_optimal,9,2057,199,477,1192,True,0.0006289308176101738,32,True,0.015613125055097044
37,1.0,high,521,True,proven_optimal,6,2057,130,313,782,True,0.0009596928982724684,32,True,0.02283454197458923
37,1.5,low,795,True,proven_optimal,9,2057,199,477,1192,True,0.0006289308176101738,32,True,0.015955417067743838
37,1.5,high,697,True,proven_optimal,7,2057,174,418,1046,True,0.0007173601147776321,32,True,0.02542183396872133
37,2.0,low,953,True,proven_optimal,9,2057,238,572,1430,True,0.0005246589716683125,32,True,0.015493042068555951
37,2.0,high,856,True,proven_optimal,7,2057,214,514,1284,True,0.00046728971962617383,32,True,0.024304416961967945
38,-0.5,low,680,True,proven_optimal,9,1926,170,408,1020,True,0.0,31,True,0.027080291067250073
38,-0.5,high,405,True,proven_optimal,6,1926,101,243,608,True,0.0012345679012346622,31,True,0.015920709003694355
38,0.0,low,680,True,proven_optimal,9,1926,170,408,1020,True,0.0,31,True,0.01650858297944069
38,0.0,high,507,True,proven_optimal,7,1926,127,304,760,True,0.0009861932938854956,31,True,0.02319516707211733
38,0.5,low,882,True,proven_optimal,10,1926,220,529,1323,True,0.0005668934240362911,31,True,0.015430665924213827
38,0.5,high,469,True,proven_optimal,6,1926,117,281,704,True,0.0010660980810235365,31,True,0.023931125062517822
38,1.0,low,882,True,proven_optimal,10,1926,220,529,1323,True,0.0005668934240362911,31,True,0.015563374967314303
38,1.0,high,695,True,proven_optimal,7,1926,174,417,1042,True,0.0007194244604316058,31,True,0.0274191671051085
38,1.5,low,882,True,proven_optimal,10,1926,220,529,1323,True,0.0005668934240362911,31,True,0.01624020899180323
38,1.5,high,730,True,proven_optimal,7,1926,182,438,1095,True,0.0006849315068493123,31,True,0.015468833036720753
38,2.0,low,917,True,proven_optimal,10,1926,229,550,1376,True,0.0005452562704471031,31,True,0.061485958052799106
38,2.0,high,758,True,proven_optimal,7,1926,190,455,1137,True,0.0006596306068601399,31,True,0.023916292004287243
39,-0.5,low,919,True,proven_optimal,12,1962,230,551,1378,True,0.0005440696409140244,20,True,0.016131249954923987
39,-0.5,high,552,True,proven_optimal,8,1962,138,331,828,True,0.00036231884057968955,20,True,0.022968541947193444
39,0.0,low,1077,True,proven_optimal,12,1962,269,646,1616,True,0.00046425255338911064,20,True,0.016070290934294462
39,0.0,high,681,True,proven_optimal,8,1962,170,409,1022,True,0.0007342143906019505,20,True,0.015678000054322183
39,0.5,low,1149,True,proven_optimal,11,1962,287,689,1724,True,0.0004351610095736369,20,True,0.015078708063811064
39,0.5,high,996,True,proven_optimal,8,1962,249,598,1494,True,0.00040160642570286065,20,True,0.016786333988420665
39,1.0,low,1197,True,proven_optimal,11,1962,299,718,1796,True,0.0004177109440266502,20,True,0.01629095897078514
39,1.0,high,996,True,proven_optimal,8,1962,249,598,1494,True,0.00040160642570286065,20,True,0.016001916024833918
39,1.5,low,1155,True,proven_optimal,10,1962,289,693,1732,True,0.00043290043290045155,20,True,0.015566291054710746
39,1.5,high,996,True,proven_optimal,8,1962,249,598,1494,True,0.00040160642570286065,20,True,0.015718291979283094
39,2.0,low,1095,True,proven_optimal,9,1962,274,657,1642,True,0.0004566210045662267,20,True,0.01654408301692456
39,2.0,high,996,True,proven_optimal,8,1962,249,598,1494,True,0.00040160642570286065,20,True,0.01617508300114423
40,-0.5,low,871,True,proven_optimal,12,2140,218,523,1306,True,0.0005740528128588274,29,True,0.1050526249455288
40,-0.5,high,428,True,proven_optimal,7,2140,107,257,642,True,0.00046728971962617383,29,True,0.02986158395651728
40,0.0,low,743,True,proven_optimal,10,2140,186,446,1114,True,0.0006729475100941684,29,True,0.015597541001625359
40,0.0,high,393,True,proven_optimal,6,2140,98,236,590,True,0.0012722646310432406,29,True,0.02105045795906335
40,0.5,low,905,True,proven_optimal,10,2140,226,543,1358,True,0.0005524861878452025,29,True,0.015312167000956833
40,0.5,high,393,True,proven_optimal,6,2140,98,236,590,True,0.0012722646310432406,29,True,0.02060683397576213
40,1.0,low,993,True,proven_optimal,11,2140,248,596,1490,True,0.000503524672708977,29,True,0.015234999940730631
40,1.0,high,438,True,proven_optimal,6,2140,110,263,657,True,0.0011415525114155112,29,True,0.03723150002770126
40,1.5,low,1099,True,proven_optimal,11,2140,275,659,1648,True,0.00045495905368508893,29,True,0.02504425006918609
40,1.5,high,729,True,proven_optimal,8,2140,182,437,1094,True,0.000685871056241405,29,True,0.06454237503930926
40,2.0,low,1407,True,proven_optimal,12,2140,352,844,2110,True,0.00035536602700791953,29,True,0.017641208018176258
40,2.0,high,857,True,proven_optimal,7,2140,214,514,1286,True,0.0005834305717620225,29,True,0.07337737502530217
41,-0.5,low,674,True,proven_optimal,10,2002,168,404,1011,True,0.0007418397626112738,19,True,0.016945458948612213
41,-0.5,high,483,True,proven_optimal,7,2002,121,290,724,True,0.0010351966873705098,19,True,0.02314683306030929
41,0.0,low,604,True,proven_optimal,9,2002,151,362,906,True,0.0006622516556291647,19,True,0.027573457919061184
41,0.0,high,464,True,proven_optimal,6,2002,116,278,696,True,0.0008620689655172153,19,True,0.028781624976545572
41,0.5,low,799,True,proven_optimal,9,2002,200,479,1198,True,0.0006257822277846437,19,True,0.033783999970182776
41,0.5,high,605,True,proven_optimal,7,2002,151,363,908,True,0.0008264462809917106,19,True,0.07431645796168596
41,1.0,low,974,True,proven_optimal,10,2002,244,584,1461,True,0.0005133470225872627,19,True,0.016205833991989493
41,1.0,high,698,True,proven_optimal,7,2002,174,419,1047,True,0.0007163323782234943,19,True,0.031475167023018
41,1.5,low,1130,True,proven_optimal,10,2002,282,678,1695,True,0.0004424778761061843,19,True,0.01640762505121529
41,1.5,high,792,True,proven_optimal,7,2002,198,475,1188,True,0.0002525252525252819,19,True,0.10416908306069672
41,2.0,low,1190,True,proven_optimal,10,2002,298,714,1785,True,0.00042016806722688926,19,True,0.01686412503477186
41,2.0,high,900,True,proven_optimal,7,2002,225,540,1350,True,0.0,19,True,0.030066457926295698
42,-0.5,low,886,True,proven_optimal,11,2193,222,532,1329,True,0.0005643340857787726,29,True,0.016246417071670294
42,-0.5,high,659,True,proven_optimal,8,2193,165,395,988,True,0.0007587253414265138,29,True,0.016435207915492356
42,0.0,low,1011,True,proven_optimal,12,2193,253,607,1516,True,0.0004945598417409602,29,True,0.015933207934722304
42,0.0,high,659,True,proven_optimal,8,2193,165,395,988,True,0.0007587253414265138,29,True,0.01559416705276817
42,0.5,low,1011,True,proven_optimal,12,2193,253,607,1516,True,0.0004945598417409602,29,True,0.015198542037978768
42,0.5,high,659,True,proven_optimal,8,2193,165,395,988,True,0.0007587253414265138,29,True,0.014609624980948865
42,1.0,low,971,True,proven_optimal,11,2193,243,583,1456,True,0.000514933058702427,29,True,0.015878875041380525
42,1.0,high,723,True,proven_optimal,8,2193,181,434,1084,True,0.0006915629322268302,29,True,0.015591542003676295
42,1.5,low,1254,True,proven_optimal,12,2193,314,752,1881,True,0.0003987240829346206,29,True,0.015760582988150418
42,1.5,high,723,True,proven_optimal,8,2193,181,434,1084,True,0.0006915629322268302,29,True,0.022814583033323288
42,2.0,low,1343,True,proven_optimal,12,2193,336,806,2014,True,0.00037230081906169943,29,True,0.016272749984636903
42,2.0,high,917,True,proven_optimal,8,2193,229,550,1376,True,0.0005452562704471031,29,True,0.015446749981492758
43,-0.5,low,945,True,proven_optimal,9,2449,236,567,1418,True,0.0005291005291006012,27,True,0.014946499955840409
43,-0.5,high,815,True,proven_optimal,8,2449,204,489,1222,True,0.0006134969325153339,27,True,0.02251074998639524
43,0.0,low,945,True,proven_optimal,9,2449,236,567,1418,True,0.0005291005291006012,27,True,0.016353124985471368
43,0.0,high,918,True,proven_optimal,8,2449,230,551,1377,True,0.0005446623093681713,27,True,0.029676749953068793
43,0.5,low,1174,True,proven_optimal,9,2449,294,704,1761,True,0.0004258943781941804,27,True,0.016520416014827788
43,0.5,high,918,True,proven_optimal,8,2449,230,551,1377,True,0.0005446623093681713,27,True,0.02282845799345523
43,1.0,low,1174,True,proven_optimal,9,2449,294,704,1761,True,0.0004258943781941804,27,True,0.015980625059455633
43,1.0,high,1064,True,proven_optimal,8,2449,266,638,1596,True,0.0003759398496240296,27,True,0.024563209037296474
43,1.5,low,1289,True,proven_optimal,10,2449,322,773,1934,True,0.00038789759503488064,27,True,0.01675979094579816
43,1.5,high,1179,True,proven_optimal,9,2449,295,707,1768,True,0.00042408821034767286,27,True,0.016450916999019682
43,2.0,low,1535,True,proven_optimal,12,2449,384,921,2302,True,0.00032573289902271263,27,True,0.016163582913577557
43,2.0,high,1228,True,proven_optimal,9,2449,307,737,1842,True,0.00016286644951146734,27,True,0.026081333053298295
44,-0.5,low,770,True,proven_optimal,11,1941,192,462,1155,True,0.0006493506493506496,15,True,0.016613250016234815
44,-0.5,high,591,True,proven_optimal,8,1941,148,355,886,True,0.0008460236886633776,15,True,0.04534166702069342
44,0.0,low,1067,True,proven_optimal,13,1941,267,640,1600,True,0.0004686035613870043,15,True,0.016754833981394768
44,0.0,high,645,True,proven_optimal,8,1941,161,387,968,True,0.0007751937984497026,15,True,0.04332866694312543
44,0.5,low,1019,True,proven_optimal,11,1941,255,611,1528,True,0.0004906771344455052,15,True,0.016386041999794543
44,0.5,high,701,True,proven_optimal,7,1941,175,421,1052,True,0.0007132667617688604,15,True,0.04395258391741663
44,1.0,low,1081,True,proven_optimal,11,1941,270,649,1622,True,0.00046253469010171244,15,True,0.023259083041921258
44,1.0,high,873,True,proven_optimal,8,1941,218,524,1310,True,0.000572737686139746,15,True,0.043314000009559095
44,1.5,low,1009,True,proven_optimal,10,1941,252,605,1514,True,0.0004955401387511937,15,True,0.023112916038371623
44,1.5,high,873,True,proven_optimal,8,1941,218,524,1310,True,0.000572737686139746,15,True,0.016412416007369757
44,2.0,low,1142,True,proven_optimal,11,1941,286,685,1713,True,0.0004378283712784814,15,True,0.016317624947987497
44,2.0,high,823,True,proven_optimal,7,1941,206,494,1234,True,0.0006075334143378353,15,True,0.02585829107556492
45,-0.5,low,823,True,proven_optimal,12,2071,206,494,1234,True,0.0006075334143378353,30,True,0.017243625014089048
45,-0.5,high,656,True,proven_optimal,9,2071,164,394,984,True,0.0006097560975609762,30,True,0.030422541894949973
45,0.0,low,778,True,proven_optimal,11,2071,194,467,1167,True,0.0006426735218509061,30,True,0.01726020802743733
45,0.0,high,656,True,proven_optimal,9,2071,164,394,984,True,0.0006097560975609762,30,True,0.03764879202935845
45,0.5,low,778,True,proven_optimal,11,2071,194,467,1167,True,0.0006426735218509061,30,True,0.02245470799971372
45,0.5,high,656,True,proven_optimal,9,2071,164,394,984,True,0.0006097560975609762,30,True,0.03751870908308774
45,1.0,low,1052,True,proven_optimal,12,2071,263,631,1578,True,0.0001901140684410496,30,True,0.05776112503372133
45,1.0,high,866,True,proven_optimal,9,2071,216,520,1299,True,0.000577367205542717,30,True,0.06052791606634855
45,1.5,low,1136,True,proven_optimal,12,2071,284,682,1704,True,0.00035211267605639307,30,True,0.016987917013466358
45,1.5,high,894,True,proven_optimal,8,2071,224,536,1341,True,0.0005592841163311046,30,True,0.03395845799241215
45,2.0,low,1080,True,proven_optimal,11,2071,270,648,1620,True,0.0,30,True,0.03359041700605303
45,2.0,high,894,True,proven_optimal,8,2071,224,536,1341,True,0.0005592841163311046,30,True,0.03703133400995284
46,-0.5,low,553,True,proven_optimal,10,2020,138,332,830,True,0.0009041591320071429,29,True,0.018821791978552938
46,-0.5,high,404,True,proven_optimal,8,2020,101,242,606,True,0.000990099009900991,29,True,0.03420537489000708
46,0.0,low,719,True,proven_optimal,11,2020,180,431,1078,True,0.0006954102920724292,29,True,0.017928582965396345
46,0.0,high,425,True,proven_optimal,7,2020,106,255,638,True,0.0011764705882353343,29,True,0.08330762502737343
46,0.5,low,806,True,proven_optimal,10,2020,202,484,1209,True,0.000620347394540921,29,True,0.025985916960053146
46,0.5,high,425,True,proven_optimal,7,2020,106,255,638,True,0.0011764705882353343,29,True,0.23607295798137784
46,1.0,low,836,True,proven_optimal,10,2020,209,502,1254,True,0.0004784688995215225,29,True,0.02461337496060878
46,1.0,high,614,True,proven_optimal,7,2020,154,368,921,True,0.0008143322475570036,29,True,0.06789616704918444
46,1.5,low,1027,True,proven_optimal,10,2020,257,616,1540,True,0.00048685491723476915,29,True,0.015969207976013422
46,1.5,high,793,True,proven_optimal,6,2020,198,476,1190,True,0.0006305170239595537,29,True,0.11173633299767971
46,2.0,low,1125,True,proven_optimal,10,2020,281,675,1688,True,0.0004444444444444695,29,True,0.01581449992954731
46,2.0,high,793,True,proven_optimal,6,2020,198,476,1190,True,0.0006305170239595537,29,True,0.026779916952364147
47,-0.5,low,734,True,proven_optimal,11,1876,184,440,1101,True,0.0006811989100817262,23,True,0.01605658303014934
47,-0.5,high,461,True,proven_optimal,7,1876,115,277,692,True,0.0010845986984815426,23,True,0.02575658296700567
47,0.0,low,900,True,proven_optimal,11,1876,225,540,1350,True,0.0,23,True,0.01507616601884365
47,0.0,high,438,True,proven_optimal,6,1876,110,263,657,True,0.0011415525114155112,23,True,0.023124792031012475
47,0.5,low,900,True,proven_optimal,11,1876,225,540,1350,True,0.0,23,True,0.023235041997395456
47,0.5,high,478,True,proven_optimal,6,1876,120,287,717,True,0.0010460251046024993,23,True,0.0238057499518618
47,1.0,low,983,True,proven_optimal,11,1876,246,590,1474,True,0.0005086469989827869,23,True,0.022485499968752265
47,1.0,high,581,True,proven_optimal,6,1876,145,349,872,True,0.000860585197934638,23,True,0.023019916960038245
47,1.5,low,983,True,proven_optimal,11,1876,246,590,1474,True,0.0005086469989827869,23,True,0.01619925000704825
47,1.5,high,581,True,proven_optimal,6,1876,145,349,872,True,0.000860585197934638,23,True,0.0366382080828771
47,2.0,low,1226,True,proven_optimal,13,1876,306,736,1839,True,0.00040783034257749207,23,True,0.016222708043642342
47,2.0,high,581,True,proven_optimal,6,1876,145,349,872,True,0.000860585197934638,23,True,0.06267574999947101
48,-0.5,low,1003,True,proven_optimal,11,2597,251,602,1504,True,0.0004985044865404298,25,True,0.016105499933473766
48,-0.5,high,715,True,proven_optimal,8,2597,179,429,1072,True,0.0006993006993007977,25,True,0.017253833007998765
48,0.0,low,1003,True,proven_optimal,11,2597,251,602,1504,True,0.0004985044865404298,25,True,0.015918083023279905
48,0.0,high,715,True,proven_optimal,8,2597,179,429,1072,True,0.0006993006993007977,25,True,0.0157547079725191
48,0.5,low,1196,True,proven_optimal,12,2597,299,718,1794,True,0.00033444816053518345,25,True,0.015950666973367333
48,0.5,high,785,True,proven_optimal,8,2597,196,471,1178,True,0.0006369426751593465,25,True,0.03372837509959936
48,1.0,low,1171,True,proven_optimal,11,2597,293,703,1756,True,0.000426985482493647,25,True,0.01616916700731963
48,1.0,high,920,True,proven_optimal,7,2597,230,552,1380,True,0.0,25,True,0.048537082970142365
48,1.5,low,1171,True,proven_optimal,11,2597,293,703,1756,True,0.000426985482493647,25,True,0.023000917048193514
48,1.5,high,920,True,proven_optimal,7,2597,230,552,1380,True,0.0,25,True,0.03730333305429667
48,2.0,low,1651,True,proven_optimal,13,2597,413,991,2476,True,0.00030284675953962115,25,True,0.025160875055007637
48,2.0,high,920,True,proven_optimal,7,2597,230,552,1380,True,0.0,25,True,0.05312445794697851
49,-0.5,low,761,True,proven_optimal,9,2206,190,457,1142,True,0.0006570302233903647,24,True,0.01621829194482416
49,-0.5,high,555,True,proven_optimal,7,2206,139,333,832,True,0.0009009009009008917,24,True,0.06657912500668317
49,0.0,low,761,True,proven_optimal,9,2206,190,457,1142,True,0.0006570302233903647,24,True,0.016132708988152444
49,0.0,high,591,True,proven_optimal,6,2206,148,355,886,True,0.0008460236886633776,24,True,0.07535962504334748
49,0.5,low,926,True,proven_optimal,9,2206,232,556,1389,True,0.000539956803455699,24,True,0.016245209029875696
49,0.5,high,793,True,proven_optimal,7,2206,198,476,1190,True,0.0006305170239595537,24,True,0.028949290979653597
49,1.0,low,1135,True,proven_optimal,10,2206,284,681,1702,True,0.0004405286343611703,24,True,0.015614125062711537
49,1.0,high,793,True,proven_optimal,7,2206,198,476,1190,True,0.0006305170239595537,24,True,0.048247041064314544
49,1.5,low,1189,True,proven_optimal,10,2206,297,713,1784,True,0.000420521446593769,24,True,0.016181749990209937
49,1.5,high,888,True,proven_optimal,7,2206,222,533,1332,True,0.00022522522522527844,24,True,0.015489000012166798
49,2.0,low,1189,True,proven_optimal,10,2206,297,713,1784,True,0.000420521446593769,24,True,0.015396749950014055
49,2.0,high,888,True,proven_optimal,7,2206,222,533,1332,True,0.00022522522522527844,24,True,0.014997334103100002
50,-0.5,low,988,True,proven_optimal,11,2938,247,593,1482,True,0.00020242914979762272,38,True,0.015170958009548485
50,-0.5,high,725,True,proven_optimal,8,2938,181,435,1088,True,0.0006896551724138167,38,True,0.05571975000202656
50,0.0,low,1230,True,proven_optimal,11,2938,308,738,1845,True,0.00040650406504066927,38,True,0.015865125111304224
50,0.0,high,967,True,proven_optimal,8,2938,242,580,1450,True,0.0005170630816959676,38,True,0.056187374982982874
50,0.5,low,1856,True,proven_optimal,13,2938,464,1114,2784,True,0.00021551724137935935,38,True,0.015878292033448815
50,0.5,high,1398,True,proven_optimal,9,2938,350,839,2097,True,0.0003576537911301747,38,True,0.0831893750000745
50,1.0,low,1791,True,proven_optimal,12,2938,448,1075,2686,True,0.0002791736460077132,38,True,0.016652833088301122
50,1.0,high,1629,True,proven_optimal,10,2938,407,977,2444,True,0.0003069367710251125,38,True,0.03373074997216463
50,1.5,low,2186,True,proven_optimal,13,2938,546,1312,3279,True,0.00022872827081427127,38,True,0.01696258399169892
50,1.5,high,1683,True,proven_optimal,8,2938,421,1010,2524,True,0.0002970885323827499,38,True,0.016553084016777575
50,2.0,low,2127,True,proven_optimal,12,2938,532,1276,3190,True,0.0002350728725906137,38,True,0.016208750079385936
50,2.0,high,1929,True,proven_optimal,10,2938,482,1157,2894,True,0.00025920165889070645,38,True,0.01676612498704344
51,-0.5,low,792,True,proven_optimal,9,2251,198,475,1188,True,0.0002525252525252819,20,True,0.04401012498419732
51,-0.5,high,565,True,proven_optimal,6,2251,141,339,848,True,0.0008849557522123686,20,True,0.03457495803013444
51,0.0,low,970,True,proven_optimal,8,2251,242,582,1455,True,0.0005154639175257714,20,True,0.033658667001873255
51,0.0,high,519,True,proven_optimal,5,2251,130,311,778,True,0.0009633911368014392,20,True,0.13992466602940112
51,0.5,low,1078,True,proven_optimal,9,2251,270,647,1617,True,0.0004638218923933013,20,True,0.017863500048406422
51,0.5,high,835,True,proven_optimal,6,2251,209,501,1252,True,0.0005988023952094856,20,True,0.03135058400221169
51,1.0,low,1321,True,proven_optimal,10,2251,330,793,1982,True,0.00037850113550330633,20,True,0.019967125030234456
51,1.0,high,835,True,proven_optimal,6,2251,209,501,1252,True,0.0005988023952094856,20,True,0.02825774997472763
51,1.5,low,1321,True,proven_optimal,10,2251,330,793,1982,True,0.00037850113550330633,20,True,0.016700041014701128
51,1.5,high,974,True,proven_optimal,7,2251,244,584,1461,True,0.0005133470225872627,20,True,0.031564499950036407
51,2.0,low,1458,True,proven_optimal,11,2251,364,875,2187,True,0.0003429355281207025,20,True,0.01738870795816183
51,2.0,high,1125,True,proven_optimal,8,2251,281,675,1688,True,0.0004444444444444695,20,True,0.039856666000559926
52,-0.5,low,890,True,proven_optimal,11,2578,222,534,1335,True,0.0005617977528089846,21,True,0.017036458011716604
52,-0.5,high,545,True,proven_optimal,8,2578,136,327,818,True,0.0009174311926605228,21,True,0.03258337499573827
52,0.0,low,1047,True,proven_optimal,11,2578,262,628,1570,True,0.00047755491881562584,21,True,0.029437958961352706
52,0.0,high,787,True,proven_optimal,7,2578,197,472,1180,True,0.0006353240152476847,21,True,0.024618458934128284
52,0.5,low,1084,True,proven_optimal,11,2578,271,650,1626,True,0.00036900369003689537,21,True,0.01652462501078844
52,0.5,high,787,True,proven_optimal,7,2578,197,472,1180,True,0.0006353240152476847,21,True,0.015606957953423262
52,1.0,low,1587,True,proven_optimal,13,2578,397,952,2380,True,0.000315059861373701,21,True,0.015552583034150302
52,1.0,high,933,True,proven_optimal,8,2578,233,560,1400,True,0.000535905680600246,21,True,0.039311125059612095
52,1.5,low,1512,True,proven_optimal,11,2578,378,907,2268,True,0.0001322751322750948,21,True,0.01579466601833701
52,1.5,high,1015,True,proven_optimal,8,2578,254,609,1522,True,0.0004926108374383453,21,True,0.08165754203218967
52,2.0,low,1726,True,proven_optimal,12,2578,432,1036,2589,True,0.00028968713789107037,21,True,0.016235874965786934
52,2.0,high,1286,True,proven_optimal,9,2578,322,772,1929,True,0.00038880248833594866,21,True,0.022848083055578172
53,-0.5,low,789,True,proven_optimal,11,2130,197,473,1184,True,0.0006337135614702394,23,True,0.01662008394487202
53,-0.5,high,364,True,proven_optimal,7,2130,91,218,546,True,0.001098901098901095,23,True,0.027291040983982384
53,0.0,low,730,True,proven_optimal,10,2130,182,438,1095,True,0.0006849315068493123,23,True,0.015749874990433455
53,0.0,high,521,True,proven_optimal,7,2130,130,313,782,True,0.0009596928982724684,23,True,0.031171832932159305
53,0.5,low,1011,True,proven_optimal,11,2130,253,607,1516,True,0.0004945598417409602,23,True,0.027781000011600554
53,0.5,high,521,True,proven_optimal,7,2130,130,313,782,True,0.0009596928982724684,23,True,0.06826475006528199
53,1.0,low,1033,True,proven_optimal,11,2130,258,620,1550,True,0.0004840271055179812,23,True,0.016179958009161055
53,1.0,high,583,True,proven_optimal,7,2130,146,350,874,True,0.0008576329331047017,23,True,0.04354416695423424
53,1.5,low,1066,True,proven_optimal,11,2130,266,640,1599,True,0.00046904315196999447,23,True,0.01631162501871586
53,1.5,high,736,True,proven_optimal,7,2130,184,442,1104,True,0.0005434782608695343,23,True,0.04264770797453821
53,2.0,low,1092,True,proven_optimal,10,2130,273,655,1638,True,0.0001831501831501825,23,True,0.015971292043104768
53,2.0,high,863,True,proven_optimal,8,2130,216,518,1294,True,0.0005793742757822518,23,True,0.04591824999079108
54,-0.5,low,514,True,proven_optimal,9,1602,128,308,771,True,0.0009727626459143934,14,True,0.02360829198732972
54,-0.5,high,444,True,proven_optimal,7,1602,111,266,666,True,0.0009009009009008917,14,True,0.07215687504503876
54,0.0,low,653,True,proven_optimal,10,1602,163,392,980,True,0.0007656967840734552,14,True,0.016771958908066154
54,0.0,high,483,True,proven_optimal,7,1602,121,290,724,True,0.0010351966873705098,14,True,0.037939999951049685
54,0.5,low,562,True,proven_optimal,8,1602,140,337,843,True,0.0008896797153024882,14,True,0.016402499983087182
54,0.5,high,483,True,proven_optimal,7,1602,121,290,724,True,0.0010351966873705098,14,True,0.05241937504615635
54,1.0,low,671,True,proven_optimal,9,1602,168,403,1006,True,0.0007451564828613311,14,True,0.02438933402299881
54,1.0,high,441,True,proven_optimal,6,1602,110,265,662,True,0.0011337868480725266,14,True,0.03568083397112787
54,1.5,low,671,True,proven_optimal,9,1602,168,403,1006,True,0.0007451564828613311,14,True,0.0337257090723142
54,1.5,high,494,True,proven_optimal,6,1602,124,296,741,True,0.001012145748987836,14,True,0.03529958298895508
54,2.0,low,735,True,proven_optimal,8,1602,184,441,1102,True,0.0006802721088434716,14,True,0.01629287505056709
54,2.0,high,702,True,proven_optimal,7,1602,176,421,1053,True,0.0007122507122507282,14,True,0.06778808298986405
55,-0.5,low,1114,True,proven_optimal,13,2294,278,668,1671,True,0.0004488330341113067,32,True,0.03394216694869101
55,-0.5,high,713,True,proven_optimal,8,2294,178,428,1070,True,0.0007012622720896644,32,True,0.026036250055767596
55,0.0,low,1075,True,proven_optimal,12,2294,269,645,1612,True,0.00046511627906986597,32,True,0.01635166595224291
55,0.0,high,713,True,proven_optimal,8,2294,178,428,1070,True,0.0007012622720896644,32,True,0.029178624972701073
55,0.5,low,1108,True,proven_optimal,12,2294,277,665,1662,True,0.00018050541516245744,32,True,0.016325042000971735
55,0.5,high,847,True,proven_optimal,9,2294,212,508,1270,True,0.0005903187721369996,32,True,0.0616396659752354
55,1.0,low,1108,True,proven_optimal,12,2294,277,665,1662,True,0.00018050541516245744,32,True,0.017865292029455304
55,1.0,high,870,True,proven_optimal,9,2294,218,522,1305,True,0.0005747126436781436,32,True,0.06213116692379117
55,1.5,low,1112,True,proven_optimal,11,2294,278,667,1668,True,0.00017985611510784594,32,True,0.034442625008523464
55,1.5,high,927,True,proven_optimal,9,2294,232,556,1390,True,0.0005393743257819938,32,True,0.06986349995713681
55,2.0,low,1597,True,proven_optimal,13,2294,399,958,2396,True,0.00031308703819665773,32,True,0.01664087502285838
55,2.0,high,1008,True,proven_optimal,9,2294,252,605,1512,True,0.0001984126984126977,32,True,0.047339500044472516
56,-0.5,low,983,True,proven_optimal,12,2380,246,590,1474,True,0.0005086469989827869,24,True,0.05925083300098777
56,-0.5,high,499,True,proven_optimal,7,2380,125,299,748,True,0.0010020040080160886,24,True,0.03054887498728931
56,0.0,low,1034,True,proven_optimal,11,2380,258,620,1551,True,0.00048355899419730286,24,True,0.015587000059895217
56,0.0,high,674,True,proven_optimal,8,2380,168,404,1011,True,0.0007418397626112738,24,True,0.09693812509067357
56,0.5,low,1034,True,proven_optimal,11,2380,258,620,1551,True,0.00048355899419730286,24,True,0.015931249945424497
56,0.5,high,614,True,proven_optimal,7,2380,154,368,921,True,0.0008143322475570036,24,True,0.070263082976453
56,1.0,low,974,True,proven_optimal,10,2380,244,584,1461,True,0.0005133470225872627,24,True,0.01547866698820144
56,1.0,high,903,True,proven_optimal,8,2380,226,542,1354,True,0.0005537098560355336,24,True,0.04623204097151756
56,1.5,low,1437,True,proven_optimal,11,2380,359,862,2156,True,0.0003479471120388933,24,True,0.04533866699784994
56,1.5,high,973,True,proven_optimal,8,2380,243,584,1460,True,0.0005138746145940676,24,True,0.026428707991726696
56,2.0,low,1596,True,proven_optimal,12,2380,399,958,2394,True,0.00025062656641605674,24,True,0.015639959019608796
56,2.0,high,1196,True,proven_optimal,9,2380,299,718,1794,True,0.00033444816053518345,24,True,0.037386583047918975
57,-0.5,low,749,True,proven_optimal,10,1912,187,449,1124,True,0.0006675567423231055,30,True,0.10906979104038328
57,-0.5,high,335,True,proven_optimal,6,1912,84,201,502,True,0.0014925373134329067,30,True,0.03174437501002103
57,0.0,low,1006,True,proven_optimal,11,1912,252,604,1509,True,0.0004970178926441138,30,True,0.016089958022348583
57,0.0,high,571,True,proven_optimal,7,1912,143,343,856,True,0.0008756567425569628,30,True,0.06977425003424287
57,0.5,low,997,True,proven_optimal,9,1912,249,598,1496,True,0.0005015045135405849,30,True,0.02513041696511209
57,0.5,high,824,True,proven_optimal,7,1912,206,494,1236,True,0.0004854368932039055,30,True,0.03693033300805837
57,1.0,low,997,True,proven_optimal,9,1912,249,598,1496,True,0.0005015045135405849,30,True,0.01614862505812198
57,1.0,high,916,True,proven_optimal,7,1912,229,550,1374,True,0.0004366812227074579,30,True,0.015924583072774112
57,1.5,low,967,True,proven_optimal,8,1912,242,580,1450,True,0.0005170630816959676,30,True,0.015863582957535982
57,1.5,high,916,True,proven_optimal,7,1912,229,550,1374,True,0.0004366812227074579,30,True,0.015080499928444624
57,2.0,low,982,True,proven_optimal,8,1912,246,589,1473,True,0.0005091649694500822,30,True,0.015166624914854765
57,2.0,high,916,True,proven_optimal,7,1912,229,550,1374,True,0.0004366812227074579,30,True,0.014744124957360327
58,-0.5,low,630,True,proven_optimal,10,2040,158,378,945,True,0.0007936507936507908,26,True,0.0565560000250116
58,-0.5,high,393,True,proven_optimal,7,2040,98,236,590,True,0.0012722646310432406,26,True,0.08708841598127037
58,0.0,low,717,True,proven_optimal,10,2040,179,430,1076,True,0.0006973500697349255,26,True,0.07939966709818691
58,0.0,high,449,True,proven_optimal,6,2040,112,269,674,True,0.00111358574610243,26,True,0.08697258401662111
58,0.5,low,655,True,proven_optimal,8,2040,164,393,982,True,0.0007633587786259888,26,True,0.12066270795185119
58,0.5,high,522,True,proven_optimal,6,2040,130,313,783,True,0.0009578544061302763,26,True,0.06856462499126792
58,1.0,low,913,True,proven_optimal,9,2040,228,548,1370,True,0.0005476451259582849,26,True,0.03501595801208168
58,1.0,high,522,True,proven_optimal,6,2040,130,313,783,True,0.0009578544061302763,26,True,0.07768312492407858
58,1.5,low,913,True,proven_optimal,9,2040,228,548,1370,True,0.0005476451259582849,26,True,0.018321958021260798
58,1.5,high,684,True,proven_optimal,6,2040,171,410,1026,True,0.0005847953216373547,26,True,0.03759299998637289
58,2.0,low,1108,True,proven_optimal,9,2040,277,665,1662,True,0.00018050541516245744,26,True,0.04210458300076425
58,2.0,high,930,True,proven_optimal,7,2040,232,558,1395,True,0.0005376344086021612,26,True,0.06265754101332277
59,-0.5,low,1182,True,proven_optimal,13,2274,296,709,1773,True,0.0004230118443316333,28,True,0.017261624918319285
59,-0.5,high,748,True,proven_optimal,8,2274,187,449,1122,True,0.0002673796791443639,28,True,0.027301332913339138
59,0.0,low,1254,True,proven_optimal,13,2274,314,752,1881,True,0.0003987240829346206,28,True,0.018263500067405403
59,0.0,high,923,True,proven_optimal,8,2274,231,554,1384,True,0.0005417118093173912,28,True,0.018133083009161055
59,0.5,low,1254,True,proven_optimal,13,2274,314,752,1881,True,0.0003987240829346206,28,True,0.017737958929501474
59,0.5,high,923,True,proven_optimal,8,2274,231,554,1384,True,0.0005417118093173912,28,True,0.017283249995671213
59,1.0,low,1237,True,proven_optimal,11,2274,309,742,1856,True,0.0004042037186742231,28,True,0.017028125002980232
59,1.0,high,923,True,proven_optimal,8,2274,231,554,1384,True,0.0005417118093173912,28,True,0.02567291702143848
59,1.5,low,1352,True,proven_optimal,11,2274,338,811,2028,True,0.00014792899408277993,28,True,0.1249468750320375
59,1.5,high,987,True,proven_optimal,8,2274,247,592,1480,True,0.0005065856129686797,28,True,0.033117457991465926
59,2.0,low,1459,True,proven_optimal,12,2274,365,875,2188,True,0.00034270047978068874,28,True,0.01738574996124953
59,2.0,high,1146,True,proven_optimal,9,2274,286,688,1719,True,0.00043630017452006564,28,True,0.05521379201672971
